Branch code/name,Prod_Code,mrp_code,mrp,sale_rate,vertical_value,destination_code,sale_type,acedns,ws_rate,distributor_rate,ss_rate,depot_rate,statename
,WS1,,0,82.4,,0,0,Y,0,0,0,0,
,WS10,,0,36.8,,0,0,Y,0,0,0,0,
,BS24,,0,16.5,,0,0,Y,0,0,0,0,
,BS25,,0,42,,0,0,Y,0,0,0,0,
,BS26,,0,23.25,,0,0,Y,0,0,0,0,
,BS27,,0,40.5,,0,0,Y,0,0,0,0,
,BS28,,0,22.5,,0,0,Y,0,0,0,0,
,BS29,,0,43.5,,0,0,Y,0,0,0,0,
,BS30,,0,24,,0,0,Y,0,0,0,0,
,BS31,,0,46.5,,0,0,Y,0,0,0,0,
,BS32,,0,25.5,,0,0,Y,0,0,0,0,
,BS33,,0,48,,0,0,Y,0,0,0,0,
,WS11,,0,30.4,,0,0,Y,0,0,0,0,
,BS34,,0,26.25,,0,0,Y,0,0,0,0,
,BS35,,0,57,,0,0,Y,0,0,0,0,
,BS36,,0,30.75,,0,0,Y,0,0,0,0,
,BS37,,0,40.5,,0,0,Y,0,0,0,0,
,BS38,,0,22.5,,0,0,Y,0,0,0,0,
,BS39,,0,12,,0,0,Y,0,0,0,0,
,BS40,,0,45,,0,0,Y,0,0,0,0,
,BS41,,0,24.75,,0,0,Y,0,0,0,0,
,BS42,,0,66,,0,0,Y,0,0,0,0,
,BS43,,0,35.25,,0,0,Y,0,0,0,0,
,WS12,,0,12.8,,0,0,Y,0,0,0,0,
,BS44,,0,70.5,,0,0,Y,0,0,0,0,
,BS45,,0,37.5,,0,0,Y,0,0,0,0,
,BS46,,0,292.5,,0,0,Y,0,0,0,0,
,BS47,,0,172.5,,0,0,Y,0,0,0,0,
,BS48,,0,34.5,,0,0,Y,0,0,0,0,
,BS49,,0,208.5,,0,0,Y,0,0,0,0,
,BS50,,0,106.5,,0,0,Y,0,0,0,0,
,BS51,,0,49.5,,0,0,Y,0,0,0,0,
,BS52,,0,142.5,,0,0,Y,0,0,0,0,
,BS53,,0,73.5,,0,0,Y,0,0,0,0,
,WS13,,0,33.6,,0,0,Y,0,0,0,0,
,BS54,,0,37.5,,0,0,Y,0,0,0,0,
,BS55,,0,18,,0,0,Y,0,0,0,0,
,BS56,,0,37.5,,0,0,Y,0,0,0,0,
,BS57,,0,21,,0,0,Y,0,0,0,0,
,BS58,,0,46.5,,0,0,Y,0,0,0,0,
,BS59,,0,25.5,,0,0,Y,0,0,0,0,
,BS60,,0,33,,0,0,Y,0,0,0,0,
,BS61,,0,18,,0,0,Y,0,0,0,0,
,BS62,,0,51,,0,0,Y,0,0,0,0,
,BS63,,0,27.75,,0,0,Y,0,0,0,0,
,WS14,,0,13.6,,0,0,Y,0,0,0,0,
,BS64,,0,14.25,,0,0,Y,0,0,0,0,
,BS65,,0,27,,0,0,Y,0,0,0,0,
,BS66,,0,15,,0,0,Y,0,0,0,0,
,BS67,,0,56.25,,0,0,Y,0,0,0,0,
,BS68,,0,30,,0,0,Y,0,0,0,0,
,BS69,,0,162,,0,0,Y,0,0,0,0,
,BS70,,0,83.25,,0,0,Y,0,0,0,0,
,BS71,,0,40.5,,0,0,Y,0,0,0,0,
,BS72,,0,22.5,,0,0,Y,0,0,0,0,
,BS73,,0,54,,0,0,Y,0,0,0,0,
,WS15,,0,47.2,,0,0,Y,0,0,0,0,
,BS74,,0,33,,0,0,Y,0,0,0,0,
,BS75,,0,40.5,,0,0,Y,0,0,0,0,
,BS76,,0,30,,0,0,Y,0,0,0,0,
,BS77,,0,37.5,,0,0,Y,0,0,0,0,
,BS78,,0,30,,0,0,Y,0,0,0,0,
,BS79,,0,4,,0,0,Y,0,0,0,0,
,BS80,,0,29.25,,0,0,Y,0,0,0,0,
,BS81,,0,4,,0,0,Y,0,0,0,0,
,BS82,,0,29.25,,0,0,Y,0,0,0,0,
,BS83,,0,4,,0,0,Y,0,0,0,0,
,WS16,,0,19.2,,0,0,Y,0,0,0,0,
,BS84,,0,30,,0,0,Y,0,0,0,0,
,BS85,,0,35.25,,0,0,Y,0,0,0,0,
,BS86,,0,36,,0,0,Y,0,0,0,0,
,C1,,0,5.7,,0,0,Y,0,0,0,0,
,C2,,0,13.5,,0,0,Y,0,0,0,0,
,C3,,0,27,,0,0,Y,0,0,0,0,
,C4,,0,67.5,,0,0,Y,0,0,0,0,
,C5,,0,255,,0,0,Y,0,0,0,0,
,C6,,0,60,,0,0,Y,0,0,0,0,
,C7,,0,20,,0,0,Y,0,0,0,0,
,WS17,,0,30.4,,0,0,Y,0,0,0,0,
,C8,,0,40,,0,0,Y,0,0,0,0,
,C9,,0,77,,0,0,Y,0,0,0,0,
,C10,,0,118,,0,0,Y,0,0,0,0,
,C11,,0,216,,0,0,Y,0,0,0,0,
,C12,,0,455,,0,0,Y,0,0,0,0,
,C13,,0,60,,0,0,Y,0,0,0,0,
,C14,,0,110,,0,0,Y,0,0,0,0,
,C15,,0,162,,0,0,Y,0,0,0,0,
,C16,,0,305,,0,0,Y,0,0,0,0,
,C17,,0,640,,0,0,Y,0,0,0,0,
,WS18,,0,12.8,,0,0,Y,0,0,0,0,
,C18,,0,30.5,,0,0,Y,0,0,0,0,
,C19,,0,60,,0,0,Y,0,0,0,0,
,C20,,0,42,,0,0,Y,0,0,0,0,
,C21,,0,40,,0,0,Y,0,0,0,0,
,C22,,0,44,,0,0,Y,0,0,0,0,
,C23,,0,100,,0,0,Y,0,0,0,0,
,C24,,0,34,,0,0,Y,0,0,0,0,
,C25,,0,60,,0,0,Y,0,0,0,0,
,C26,,0,26,,0,0,Y,0,0,0,0,
,C27,,0,36.5,,0,0,Y,0,0,0,0,
,WS19,,0,294.4,,0,0,Y,0,0,0,0,
,C28,,0,38,,0,0,Y,0,0,0,0,
,C29,,0,20,,0,0,Y,0,0,0,0,
,C30,,0,20,,0,0,Y,0,0,0,0,
,C31,,0,14.5,,0,0,Y,0,0,0,0,
,C32,,0,72.5,,0,0,Y,0,0,0,0,
,C33,,0,65,,0,0,Y,0,0,0,0,
,C34,,0,42,,0,0,Y,0,0,0,0,
,C35,,0,63,,0,0,Y,0,0,0,0,
,C36,,0,112,,0,0,Y,0,0,0,0,
,C37,,0,224,,0,0,Y,0,0,0,0,
,WS2,,0,35.2,,0,0,Y,0,0,0,0,
,WS20,,0,119.2,,0,0,Y,0,0,0,0,
,C38,,0,145,,0,0,Y,0,0,0,0,
,C39,,0,40,,0,0,Y,0,0,0,0,
,C40,,0,90,,0,0,Y,0,0,0,0,
,II1,,0,28,,0,0,Y,0,0,0,0,
,II2,,0,23.1,,0,0,Y,0,0,0,0,
,II3,,0,23.8,,0,0,Y,0,0,0,0,
,II4,,0,24.5,,0,0,Y,0,0,0,0,
,II5,,0,24.5,,0,0,Y,0,0,0,0,
,II6,,0,36.4,,0,0,Y,0,0,0,0,
,II7,,0,56,,0,0,Y,0,0,0,0,
,WS21,,0,68.8,,0,0,Y,0,0,0,0,
,II8,,0,22.4,,0,0,Y,0,0,0,0,
,II9,,0,59.5,,0,0,Y,0,0,0,0,
,II10,,0,35,,0,0,Y,0,0,0,0,
,II11,,0,28.7,,0,0,Y,0,0,0,0,
,II12,,0,49,,0,0,Y,0,0,0,0,
,II13,,0,45.5,,0,0,Y,0,0,0,0,
,II14,,0,25.2,,0,0,Y,0,0,0,0,
,II15,,0,11.9,,0,0,Y,0,0,0,0,
,II16,,0,37.1,,0,0,Y,0,0,0,0,
,II17,,0,16.1,,0,0,Y,0,0,0,0,
,WS22,,0,28,,0,0,Y,0,0,0,0,
,II18,,0,18.9,,0,0,Y,0,0,0,0,
,II19,,0,17.5,,0,0,Y,0,0,0,0,
,S1,,0,39,,0,0,Y,0,0,0,0,
,S2,,0,63.75,,0,0,Y,0,0,0,0,
,S3,,0,56.25,,0,0,Y,0,0,0,0,
,S4,,0,138.75,,0,0,Y,0,0,0,0,
,S5,,0,55.5,,0,0,Y,0,0,0,0,
,S6,,0,64.5,,0,0,Y,0,0,0,0,
,S7,,0,48.75,,0,0,Y,0,0,0,0,
,O1,,0,19.2,,0,0,Y,0,0,0,0,
,WS23,,0,54.4,,0,0,Y,0,0,0,0,
,O2,,0,9.6,,0,0,Y,0,0,0,0,
,O3,,0,51.2,,0,0,Y,0,0,0,0,
,O4,,0,66.4,,0,0,Y,0,0,0,0,
,O5,,0,56,,0,0,Y,0,0,0,0,
,O6,,0,12.8,,0,0,Y,0,0,0,0,
,O7,,0,128,,0,0,Y,0,0,0,0,
,O8,,0,212.8,,0,0,Y,0,0,0,0,
,O9,,0,108,,0,0,Y,0,0,0,0,
,O10,,0,48,,0,0,Y,0,0,0,0,
,O11,,0,212.8,,0,0,Y,0,0,0,0,
,WS24,,0,22.4,,0,0,Y,0,0,0,0,
,O12,,0,122.4,,0,0,Y,0,0,0,0,
,O13,,0,40,,0,0,Y,0,0,0,0,
,O14,,0,264,,0,0,Y,0,0,0,0,
,O15,,0,4,,0,0,Y,0,0,0,0,
,O16,,0,102.2,,0,0,Y,0,0,0,0,
,O17,,0,52.5,,0,0,Y,0,0,0,0,
,O18,,0,52.5,,0,0,Y,0,0,0,0,
,O19,,0,102.2,,0,0,Y,0,0,0,0,
,O20,,0,63,,0,0,Y,0,0,0,0,
,O21,,0,31.5,,0,0,Y,0,0,0,0,
,WS25,,0,176,,0,0,Y,0,0,0,0,
,O22,,0,32,,0,0,Y,0,0,0,0,
,O23,,0,17.5,,0,0,Y,0,0,0,0,
,O24,,0,21,,0,0,Y,0,0,0,0,
,O25,,0,52,,0,0,Y,0,0,0,0,
,O26,,0,64,,0,0,Y,0,0,0,0,
,O27,,0,104,,0,0,Y,0,0,0,0,
,O28,,0,36,,0,0,Y,0,0,0,0,
,WS26,,0,70.4,,0,0,Y,0,0,0,0,
,WS27,,0,37.6,,0,0,Y,0,0,0,0,
,PS1,,0,65.6,,0,0,Y,0,0,0,0,
,PS2,,0,28.8,,0,0,Y,0,0,0,0,
,WS3,,0,68,,0,0,Y,0,0,0,0,
,PS3,,0,54.4,,0,0,Y,0,0,0,0,
,PS4,,0,22.4,,0,0,Y,0,0,0,0,
,PS5,,0,11.2,,0,0,Y,0,0,0,0,
,PS6,,0,2.4,,0,0,Y,0,0,0,0,
,PS7,,0,64,,0,0,Y,0,0,0,0,
,PS8,,0,20.8,,0,0,Y,0,0,0,0,
,PS9,,0,10.5,,0,0,Y,0,0,0,0,
,PS10,,0,54.4,,0,0,Y,0,0,0,0,
,PS11,,0,19.2,,0,0,Y,0,0,0,0,
,PS12,,0,9.45,,0,0,Y,0,0,0,0,
,WS4,,0,28,,0,0,Y,0,0,0,0,
,PS13,,0,2.4,,0,0,Y,0,0,0,0,
,PS14,,0,91.2,,0,0,Y,0,0,0,0,
,PS15,,0,37.6,,0,0,Y,0,0,0,0,
,PS16,,0,20.8,,0,0,Y,0,0,0,0,
,PS17,,0,92.8,,0,0,Y,0,0,0,0,
,PS18,,0,37.6,,0,0,Y,0,0,0,0,
,PS19,,0,19.2,,0,0,Y,0,0,0,0,
,PS20,,0,108.8,,0,0,Y,0,0,0,0,
,PS21,,0,44.8,,0,0,Y,0,0,0,0,
,PS22,,0,23.2,,0,0,Y,0,0,0,0,
,WS5,,0,43.2,,0,0,Y,0,0,0,0,
,PS23,,0,86.4,,0,0,Y,0,0,0,0,
,PS24,,0,35.2,,0,0,Y,0,0,0,0,
,PS25,,0,52,,0,0,Y,0,0,0,0,
,PS26,,0,20.8,,0,0,Y,0,0,0,0,
,PS27,,0,92,,0,0,Y,0,0,0,0,
,PS28,,0,37.6,,0,0,Y,0,0,0,0,
,PS29,,0,19.2,,0,0,Y,0,0,0,0,
,PS30,,0,61.6,,0,0,Y,0,0,0,0,
,PS31,,0,24.8,,0,0,Y,0,0,0,0,
,PS32,,0,348,,0,0,Y,0,0,0,0,
,WS6,,0,17.6,,0,0,Y,0,0,0,0,
,PS33,,0,139.2,,0,0,Y,0,0,0,0,
,PS34,,0,72,,0,0,Y,0,0,0,0,
,PS35,,0,16.8,,0,0,Y,0,0,0,0,
,PS36,,0,11.2,,0,0,Y,0,0,0,0,
,PS37,,0,61.6,,0,0,Y,0,0,0,0,
,PS38,,0,100,,0,0,Y,0,0,0,0,
,PS39,,0,86.4,,0,0,Y,0,0,0,0,
,PS40,,0,125.6,,0,0,Y,0,0,0,0,
,PS41,,0,50.4,,0,0,Y,0,0,0,0,
,PS42,,0,25.6,,0,0,Y,0,0,0,0,
,WS7,,0,76,,0,0,Y,0,0,0,0,
,PS43,,0,472,,0,0,Y,0,0,0,0,
,PS44,,0,188.8,,0,0,Y,0,0,0,0,
,PS45,,0,94.4,,0,0,Y,0,0,0,0,
,PS46,,0,86.4,,0,0,Y,0,0,0,0,
,PS47,,0,35.2,,0,0,Y,0,0,0,0,
,PS48,,0,43.2,,0,0,Y,0,0,0,0,
,PS49,,0,17.6,,0,0,Y,0,0,0,0,
,BS1,,0,54,,0,0,Y,0,0,0,0,
,BS2,,0,29.25,,0,0,Y,0,0,0,0,
,BS3,,0,15,,0,0,Y,0,0,0,0,
,WS8,,0,31.2,,0,0,Y,0,0,0,0,
,BS4,,0,51,,0,0,Y,0,0,0,0,
,BS5,,0,27.75,,0,0,Y,0,0,0,0,
,BS6,,0,54,,0,0,Y,0,0,0,0,
,BS7,,0,29.25,,0,0,Y,0,0,0,0,
,BS8,,0,100.5,,0,0,Y,0,0,0,0,
,BS9,,0,52.5,,0,0,Y,0,0,0,0,
,BS10,,0,26.25,,0,0,Y,0,0,0,0,
,BS11,,0,45,,0,0,Y,0,0,0,0,
,BS12,,0,24.75,,0,0,Y,0,0,0,0,
,BS13,,0,48,,0,0,Y,0,0,0,0,
,WS9,,0,92,,0,0,Y,0,0,0,0,
,BS14,,0,26.25,,0,0,Y,0,0,0,0,
,BS15,,0,14.25,,0,0,Y,0,0,0,0,
,BS16,,0,59.25,,0,0,Y,0,0,0,0,
,BS17,,0,32.25,,0,0,Y,0,0,0,0,
,BS18,,0,46.5,,0,0,Y,0,0,0,0,
,BS19,,0,25.5,,0,0,Y,0,0,0,0,
,BS20,,0,79.5,,0,0,Y,0,0,0,0,
,BS21,,0,35.25,,0,0,Y,0,0,0,0,
,BS22,,0,59.25,,0,0,Y,0,0,0,0,
,BS23,,0,32.25,,0,0,Y,0,0,0,0,
