Customer Name,Employee Name,Route Name,State
C2734,2038,Kolasi Gairabadi,
C2734,2038,Sabji Mandi,
C2808,2038,Barakola,
C2808,2038,Kalabalwa,
C2808,2038,Banmankhi,
C2808,2038,Jhahua,
C2055,2038,Narpatganj 1,
C2055,2038,Narpatganj 2,
C1786,2038,Raniganj Local,
C2684,2038,Bada Edgah,
C2684,2038,Jalalgarh,
C2684,2038,Nemaida,
C2684,2038,Kasba Local,
C2807,2038,Sonvarsha-Tejnagra,
C2807,2038,Sabji Mandi-Galla Mandi,
C2807,2038,Saharsha Local,
C2807,2038,Saharsha Kachehari,
C0822,2038,Supaul Local,
C0822,2038,Pepra,
C0822,2038,Bhaptiyahi Farbitta Supaul,
C2042,2038,Singheshwar,
C2042,2038,Mathai,
C2202,2038,Khagaria 2,
C2202,2038,Khagaria Local,
C2202,2038,Mahesh Kut,
C2653,2038,Bakhri Local,
C2870,2030,Sabji Mandi-Galla Mandi,
C2296,2030,Sabji Mandi-Galla Mandi,
C2806,2030,Local-Raxoul,
C2704,2030,Main Bazar-Ghorashan,
C2700,2030,Angarghat,
C2700,2030,Ashaghat,
C2700,2030,Haya Ghat,
C2700,2030,Musari-Gharari,
C1767,2030,Hasanpur Road-Bethan,
C2188,2030,Janki Asthan,
C2658,2030,Kachi Pakki Road,
C2658,2030,Maripur-Govarsahi,
C1725,2030,Main Road-Teghra,
C2534,2030,Majha Bazar,
C2534,2030,Meerganj,
C2534,2030,Thave Bazar,
C2534,2030,Yadavpur Road,
C1667,2030,Sabji Mandi,
C1721,2030,Satha,
C1721,2030,Chanpatiya,
C2463,2030,Areraj,
C2463,2030,Lakhaura,
C2463,2030,Turkoliya,
C2463,2030,Jeevadhara,
C2463,2030,Pipra Bazar,
C2683,2030,Main Bazar-Station Road,
C2041,2030,Main Bazar-Kusheshar Asthan,
C2710,2018,Station Bazar-Barh,
C2710,2018,Court Bazar,
C2972,2018,Sabji Mandi-Lakhisara,
C2972,2018,Bazar Samiti,
C1864,2018,Bausi Local-Dumka Road,
C2551,2018,Jhanjha Local,
C2551,2018,Sono Bazar,
C2551,2018,Khaparia-Batia,
C2551,2018,Gidhaur,
C2209,2018,Sikandara Local,
C2209,2018,Aliganj-Mirzaganj,
C2726,2018,Chandni Chowk,
C2319,2018,Sabji Mandi-Gola Road,
C2323,2018,Arra,
C2323,1930,Arra,
C2323,2018,Dhobi Ghat-Arra,
C2323,1930,Dhobi Ghat-Arra,
C2323,2018,Sahar,
C2323,1930,Sahar,
C2323,2018,Local-Main Market,
C2323,1930,Local-Main Market,
C2323,2018,Grahni,
C2323,1930,Grahni,
C2323,2018,Babra,
C2323,1930,Babra,
C2323,2018,Chandi,
C2323,1930,Chandi,
C2323,2018,Dumraon,
C2323,1930,Dumraon,
C1939,2018,Bazar Samiti,
C1939,1930,Bazar Samiti,
C1939,2018,Bihta Local,
C1939,1930,Bihta Local,
C1939,2018,Mandir Ke Pass-Bihta Local,
C1939,1930,Mandir Ke Pass-Bihta Local,
C1939,2018,Pul Par,
C1939,1930,Pul Par,
C1544,2018,Shastri Nagar,
C2257,2018,KashiChak-Shekhupur,
C2257,1930,KashiChak-Shekhupur,
C1875,1930,Kutumba,
C1875,1930,Madanpur,
C1875,1930,G.T. Road Madan Pur,
C1875,1930,Main Road-Nabi Nagar,
C2809,1930,Aurangabad Local,
C2809,1930,Dharamshala,
C2803,1930,New Godam,
C2803,1930,Telbigha,
C2803,1930,Manpur,
C2803,1930,Gaya Collage,
C2627,1930,Hatpar Road,
C2627,1930,Kako,
C2627,1930,Dharamshala Road,
C2261,1930,Bedrabad Local,
C2725,1930,Gola Road-Main Market,
C0321,1072,Uska Bazar,
C0321,1072,Sohansh,
C0546,1072,Local-Tetri Bazar,
C0546,1072,Bardpur,
C0546,1072,Mohane,
C0986,1072,Local-Anand Nagar,
C1376,1072,Sohansh,
C1376,1072,Local-Loten Bazar,
C1376,1072,Thuthari -  Sikri,
C1430,1072,Local-Kulhui Bazar,
C1430,1072,Ramsarwa,
C1801,1072,Local-Nedwa,
C2540,1072,Local-Nandepar,
C2540,1072,Aligarwa,
C2540,1072,Kakarhwan,
C2573,1072,Local-barhni,
C2616,1072,Local-Bansi,
C2616,1072,Narkatha,
C2705,1072,Shohratgarh,
C2705,1072,Chilhiva,
C2882,1072,Itwa Bazar,
C2021,1074,Local-Nichloul,
C2089,1074,Local-Amrutiya Bazar,
C2093,1074,Bhiti Rawat-Maghar,
C2093,1074,Local-Sahjanwa,
C2094,1074,Local- Ramkola,
C2096,1074,Local -Nautanwa,
C2440,1074,Sukrauli,
C2440,1074,Belkata,
C2440,1074,Dumari,
C2552,1039,Local -Rudrapur,
C0238,1074,Nai Bazar To Barhi,
C0238,1074,Rajdhani To Karjaha,
C0238,1074,Phutahwa - Sardar Nagar,
C0432,1074,Local-Pipraich,
C0432,1074,Ahirauli - Jagdishpur,
C0432,1074,Mansoorganj -Mujahna,
C1142,1074,Local -Dohrighat,
C1256,1074,P.P. Ganj,
C1256,1074,Local-Kauria,
C1256,1074,Balapar - Maharajganj,
C1256,1074,Badhya Chowk,
C1256,1074,Mujuri - Paniyara,
C1811,1074,Belghat- Kuri Bazar,
C1811,1074,Dughara,
C1811,1074,Kui Bazar,
C1811,1074,Sonvarsha,
C1811,1074,Satuabhar- Bigahi,
C2687,1074,Local- Gola Bazar,
C0001,1024,Local - Maharajganj,
C0001,1024,Khutha,
C0001,1024,Chowk bazar,
C0001,1024,Shikarpur-Dharampur,
C0001,1024,Sinduriya-Mithaura,
C0063,1024,Local-Nichlaul,
C0063,1007,Local-Nichlaul,
C0063,1024,Jhulnipur-Nahar Road,
C0063,1007,Jhulnipur-Nahar Road,
C0246,1039,Local-Nautanwa,
C0246,1227,Local-Nautanwa,
C0456,1024,Local -Kranti Chauraha,
C0456,1007,Local -Kranti Chauraha,
C0456,1024,Bhuwani-Jakhira-Barigaon,
C0456,1007,Bhuwani-Jakhira-Barigaon,
C0456,1024,Bailwa-Puraina-Basantpur-Rampur,
C0456,1007,Bailwa-Puraina-Basantpur-Rampur,
C1203,1024,Local-Siswan Bazar,
C1203,1007,Local-Siswan Bazar,
C1203,1024,Khadda,
C1203,1007,Khadda,
C1203,1024,Sinduriya,
C1203,1007,Sinduriya,
C1203,1024,Khanda,
C1203,1024,Chitauni,
C1203,1024,Belwa-Bihari Chapra,
C1203,1024,Katehari,
C1203,1024,Gherwa-Baluipur,
C0893,1024,Local -Thoothibari,
C0893,1007,Local -Thoothibari,
C2399,1024,Mahdeva-Harpur,
C2399,1007,Mahdeva-Harpur,
C2399,1024,Shyam Deurva,
C2399,1007,Shyam Deurva,
C2399,1024,Local-Partawal,
C2399,1007,Local-Partawal,
C0669,1024,Local -Captanganj,
C0669,1007,Local -Captanganj,
C0669,1024,Local -Muthauli,
C0669,1007,Local -Muthauli,
C1291,1024,Local -Katkuiya,
C1291,1007,Local -Katkuiya,
C0537,1024,Local -Tamkuhi Road,
C0537,1007,Local -Tamkuhi Road,
C0537,1024,Tamkuhi Raj,
C0537,1007,Tamkuhi Raj,
C2740,1039,Tarkulva,
C2740,1039,Jokwa,
C2740,1039,Shivpur -Saphan,
C2740,1039,Local  -Kasia,
C0078,1039,Local-PATHARDEVA,
C0078,1227,Local-PATHARDEVA,
C0365,1039,Nooriganj Ghati,
C0365,1227,Nooriganj Ghati,
C0365,1039,Local- Hatwa,
C0365,1227,Local- Hatwa,
C0693,1039,Local-Bishunpura,
C0693,1227,Local-Bishunpura,
C0693,1039,Mahuwadeeh-Rampur Karkhana,
C0693,1227,Mahuwadeeh-Rampur Karkhana,
C0693,1039,Baitalpur-Local,
C0693,1227,Baitalpur-Local,
C1336,1039,Local-Khukhundu,
C1336,1227,Local-Khukhundu,
C1336,1039,Sonughat-Bhulauni-Veerpur,
C1336,1227,Sonughat-Bhulauni-Veerpur,
C1336,1227,Local-Noorkhar-Bakuntpur,
C1336,1039,Noorkhar-Bakuntpur,
C1724,1039,Local-Lartown,
C1724,1227,Local-Lartown,
C1724,1039,Lar Road-Mail Chauraha,
C1724,1227,Lar Road-Mail Chauraha,
C1724,1039,Sohagra Raod-Guthani-Mahrauna,
C1724,1227,Sohagra Raod-Guthani-Mahrauna,
C1981,1039,Madanpur-Mahen,
C1981,1227,Madanpur-Mahen,
C1981,1039,Narayanpur-Pachlari,
C1981,1227,Narayanpur-Pachlari,
C1981,1039,Bus Stand,
C1981,1227,Bus Stand,
C1981,1039,Jamaniya,
C1981,1227,Jamaniya,
C2102,1039,Local-BhatparRani,
C2102,1039,Stand Market-Fulwaria,
C2102,1227,Stand Market-Fulwaria,
C2102,1227,Bhagalpur Local,
C2628,1039,Bhagalpur Local,
C2628,1227,Bhagalpur Local,
C2909,1039,Salempur Local,
C2909,1227,Salempur Local,
C0096,,Bakhira Road,
C0096,1319,Bakhira Road,
C0096,,Local-Rudhauli,
C0096,1319,Local-Rudhauli,
C0162,,Harihar Pur To Ajawan,
C0162,1319,Harihar Pur To Ajawan,
C0162,,Jarma Patti Kali,
C0162,1319,Jarma Patti Kali,
C0162,,Mukhlispur,
C0162,1319,Mukhlispur,
C0162,,Haisar,
C0162,1319,Haisar,
C0255,,Local -Visheshwarganj,
C0255,1319,Local -Visheshwarganj,
C0255,,Dabaulia,
C0255,1319,Dabaulia,
C0490,,Semriyawan Road,
C0490,1319,Semriyawan Road,
C0490,,Ghesiyari,
C0490,1319,Ghesiyari,
C0490,,Hanumanganj,
C0490,1319,Hanumanganj,
C0632,,Local- Makhoda,
C0632,1319,Local- Makhoda,
C0632,,Parsa Road -Kohrai Road,
C0632,1319,Parsa Road -Kohrai Road,
C0632,,Parsa Road,
C0632,1319,Parsa Road,
C1048,,Local -Chawni Bazar,
C1048,1319,Local -Chawni Bazar,
C1552,,Local -Dumariyaganj,
C1552,1319,Local -Dumariyaganj,
C2617,,Local- Malauli,
C2617,1319,Local- Malauli,
C2617,,Patthapur,
C2617,1319,Patthapur,
C2617,,Kohray,
C2617,1319,Kohray,
C2617,,Amari,
C2617,1319,Amari,
C2718,,Local -Medhawal,
C2718,1319,Local -Medhawal,
C2801,,Local -Harraiya,
C2801,1319,Local -Harraiya,
C2956,,Karwari Khusauhara,
C2956,1319,Karwari Khusauhara,
C2956,,Chilmapur Daboulia,
C2956,1319,Chilmapur Daboulia,
C2956,,Captanganj road,
C2956,1319,Captanganj road,
C2956,,Local -Nagar Bazar,
C2956,1319,Local -Nagar Bazar,
C1201,1183,SUBHAGPUR,
C1201,1184,SUBHAGPUR,
C1201,1171,SUBHAGPUR,
C1201,1183,Maharajganj,
C1201,1184,Maharajganj,
C1201,1171,Maharajganj,
C1201,1171,ETIYATHOK LOCAL,
C1201,1183,BEHLOLPUR,
C1201,1184,BEHLOLPUR,
C1201,1183,GILAULI,
C1201,1184,GILAULI,
C1201,1171,GILAULI,
C1201,1183,ITIYATHOK LOCAL,
C1201,1184,ITIYATHOK LOCAL,
C1201,1171,ITIYATHOK LOCAL,
C2045,1183,CHAMRUPUR LOCAL,
C2045,1184,CHAMRUPUR LOCAL,
C2045,1171,CHAMRUPUR LOCAL,
C2045,1183,MADYIYYA,
C2045,1184,MADYIYYA,
C2608,1183,LOCAL Gaura Chauri,
C2608,1184,LOCAL Gaura Chauri,
C2608,1171,LOCAL Gaura Chauri,
C0476,1629,MAU AIMA,
C0476,1629,SADAR BAZAR,
C2677,1629,ANAPUR LOCAL,
C1814,1629,JALALPUR-BALIPUR,
C1814,1629,ASIDIYA-JUDDIKAPURA,
C1814,1629,DHANUPUR,
C2675,1629,SIRSA BAZAR,
C1991,1629,LALGOPALGANG LOCAL,
C2395,1629,SALLAHPUR BAZAR,
C0488,1629,BAHADURGANJ CHAUK,
C0518,1629,CHAMPHA,
C0518,1629,MANJHANPUR,
C0518,1629,ASARA-FAIZIPUR,
C0518,1629,KARARI LOCAL,
C0518,1629,BENI KATRA,
C0518,1629,KATRA BAZAR,
C1980,1629,DEVIGANJ-KALYANPYR,
C1980,1629,SIRATHU LOCAL,
C1990,1629,DAHIYAVA-SHIVGARH,
C2752,1629,LENDIYARI LOCAL,
C2048,1629,RAMNAGAR MEJA,
C2092,1629,BARETHI,
C2092,1629,SARAI INAYAT,
C2092,1629,KACHHAR,
C2092,1629,HANUMANGANJ BAZAR,
C2092,1629,MOHANGANJ-CHANDAUHA,
C2449,1629,JALALPUR-BALIPUR,
C2449,1629,SORO UGRASENPUR,
C2449,1629,PHOOLPUR LOCAL,
C2449,1629,SAHSO-BABUGANJ,
C2449,1629,PHOOLPUR BAZAR,
C2632,1629,KATRA-RAJAPUR,
C2632,1629,NAINI,
C0122,1007,Khutha,
C0122,1007,Chowk bazar,
C0122,1007,Shikarpur-Dharampur,
C0122,1007,Sinduriya-Mithaura,
C0122,1007,Local-MAHARAJGANJ,
C0719,1183,COLONELGANJ,
C0719,1184,COLONELGANJ,
C0719,1171,COLONELGANJ,
C2636,1183,BHUJENIBHAR,
C2636,1184,BHUJENIBHAR,
C2636,1171,BHUJENIBHAR,
C2636,1183,GADDIPUR,
C2636,1184,GADDIPUR,
C2636,1171,GADDIPUR,
C2636,1183,SAHDULLANAGAR,
C2636,1184,SAHDULLANAGAR,
C2636,1171,SAHDULLANAGAR,
C2636,1183,Ramwapur,
C2636,1184,Ramwapur,
C2636,1171,Ramwapur,
C2636,1183,HABIBNAGAR,
C2636,1184,HABIBNAGAR,
C2636,1171,HABIBNAGAR,
C2636,1183,SUKNI,
C2636,1184,SUKNI,
C2636,1171,SUKNI,
C2636,1183,GANGHORNAGAR,
C2636,1184,GANGHORNAGAR,
C2636,1171,GANGHORNAGAR,
C2607,1183,TIWARIPUR,
C2607,1184,TIWARIPUR,
C2607,1171,TIWARIPUR,
C2607,1183,GONDA,
C2607,1184,GONDA,
C2607,1171,GONDA,
C2607,1183,KARIBELWAROAD,
C2607,1184,KARIBELWAROAD,
C2607,1171,KARIBELWAROAD,
C2607,1183,CHUNGI NAKA,
C2607,1184,CHUNGI NAKA,
C2607,1171,CHUNGI NAKA,
C2607,1183,FAIZABAD ROAD,
C2607,1184,FAIZABAD ROAD,
C2607,1171,FAIZABAD ROAD,
C2607,1183,BUS STOP,
C2607,1184,BUS STOP,
C2607,1171,BUS STOP,
C1956,1183,BALPUR,
C1956,1184,BALPUR,
C1956,1171,BALPUR,
C0666,1183,KHARGUPUR,
C0666,1184,KHARGUPUR,
C0666,1171,KHARGUPUR,
C0468,1183,MASKANWA,
C0468,1184,MASKANWA,
C0468,1171,MASKANWA,
C1166,1183,BHABHNAN,
C1166,1184,BHABHNAN,
C1166,1171,BHABHNAN,
C2118,1183,BALLIPUR,
C2118,1184,BALLIPUR,
C2118,1171,BALLIPUR,
C1219,1171,INTERIAR,
C1219,1183,FAIZABAD ROAD,
C1219,1184,FAIZABAD ROAD,
C1219,1171,FAIZABAD ROAD,
C1219,1183,DURJANPUR GHAT,
C1219,1184,DURJANPUR GHAT,
C1219,1171,DURJANPUR GHAT,
C1219,1183,BAJEERGANJ,
C1219,1184,BAJEERGANJ,
C1219,1171,BAJEERGANJ,
C1219,1183,BLESARGANJ,
C1219,1184,BLESARGANJ,
C1219,1171,BLESARGANJ,
C1219,1183,NAWABGANJ,
C1219,1184,NAWABGANJ,
C1219,1171,NAWABGANJ,
C2038,1529,KAPSETI,
C0082,1531,Anpara Local,
C0082,1531,Beena Pur-Renu Sagar,
C0082,1531,Shakti Nagar,
C0082,1531,Dibul Ganj,
C0839,1523,BHADOHI LOCAL,
C0839,1531,BHADOHI LOCAL,
C0839,1523,NAI BAZARPRAKASHPUR,
C0839,1531,NAI BAZARPRAKASHPUR,
C1100,1523,KERAKAT BAZAR,
C1100,1738,KERAKAT BAZAR,
C1100,1738,Kerakat Local,
C1995,1529,BELLTAR LOCAL,
C0474,1523,SHAHGANJ LOCAL,
C0474,1738,SHAHGANJ LOCAL,
C0474,1523,KHETASARAI,
C0474,1738,KHETASARAI,
C2736,1523,MEHNAZPUR LOCAL,
C2736,1738,MEHNAZPUR LOCAL,
C1999,1529,Phoolpur,
C1999,1529,KATHIRAWAN,
C1999,1529,SARNATH PANDEYPUR,
C1999,1529,SIDHORA,
C1999,1529,BHOJUBIR,
C1999,1529,PANDARIBA VISHWNATH,
C1999,1529,TATAKPUR LOCAL,
C1999,1529,BABATPUR ROAD,
C2004,1738,JAFRABAD LOCAL,
C2586,1738,RAMPUR,
C2586,1738,JAMALAPUR LOCAL,
C2728,1738,NAOPERWA LOCAL,
C2642,1738,SIPAH CHAUKIA,
C2570,1738,KACHHARI LINE BAZAR,
C2570,1738,NAI GANJ,
C2043,1523,MALHANI,
C2043,1523,NAIGANJ,
C2043,1523,Pakari Chauraha-Fatehganj,
C2043,1523,Kajgaon-Wajidpur-Salakhpur,
C2043,1523,Kuttupur-Sidikpur-Koiridi,
C2043,1523,Chaukiya-Dudhaura-Khalsha,
C2043,1523,Aliganj-Shambhuganj,
C2043,1523,ChitrasiChhabilepurMalhani Road,
C2690,1738,PALI,
C2690,1738,Badlapur,
C2009,1738,JALALPUR LOCAL,
C0820,1738,KHETASARAI,
C0820,1738,PATTI,
C2242,1523,MANIKALA LOCAL,
C2242,1738,MANIKALA LOCAL,
C2242,1523,SAGAR BARANI,
C2242,1738,SAGAR BARANI,
C2569,1523,MOKALPUR+RAMDYAL,
C0550,1738,MARIYAHU LOCAL,
C2562,1523,SURIYANWA LOCAL,
C2562,1531,SURIYANWA LOCAL,
C2562,1523,DURGA GANJ,
C2562,1531,DURGA GANJ,
C2884,1529,GANGAPUR BAZAR,
C0211,1804,Jaswant nagar Local,
C0370,1804,Bharthana Local,
C0527,1804,Akbarpur Local,
C0597,1804,Dibiyapur Local,
C0764,1804,Dibiyapur Local,
C0764,1804,Sahayal,
C0814,1804,Jahanabad Local,
C0814,1804,Nauranga,
C0814,1804,Amouli,
C1089,1804,Rajapur Local,
C1499,1804,Rura Local,
C1599,1804,Maudha Local,
C1857,1804,Bargarh Local,
C1925,1804,Baberu Local,
C2136,1804,Karvi Local,
C2136,1804,Shankar Bazar,
C2136,1804,Chitrakoot,
C2136,1804,Bharatku-Shivrampur,
C2439,1804,Manikpur Local,
C2439,1804,Saraiyan,
C2603,1804,Oran,
C2661,1804,Banda Local 1,
C2661,1804,Banda Local 2,
C2661,1804,Banda Local 3,
C2720,1804,Attara Local 1,
C2720,1804,Attara Local 2,
C2723,1804,Khaga Local,
C2742,1804,Maurawan Local,
C2742,1804,Hilaily,
C2906,1804,Fatehpur Local,
C0619,1804,Shivraj Pur Local,
C2646,1523,Gopiganj Local,
C2646,1531,Gopiganj Local,
C2646,1523,Gyan Pur,
C2646,1531,Gyan Pur,
C2646,1523,Jungiganj,
C2646,1531,Jungiganj,
C2711,1531,Chunar Local,
C2711,1531,Jamui Bazar,
C0425,1531,Ghantaghar,
C0425,1531,Imarti Road,
C0425,1531,Imarti Road-Pandariba,
C0425,1531,Pan Dariba,
C0425,1531,Pul Road Warsaliganj Local,
C2715,1178,Sabji Mandi,
C2715,1178,SANTOSHI MANDIR ROAD,
C2715,1178,HANUMAN MANDIR ROAD,
C2715,1178,MAIN MARKET,
C2715,1178,RISIA MORE,
C2715,1178,NANPARA ROAD,
C2715,1178,RAJENDRA NAGAR,
C2715,1178,MAHOMAD NAGAR,
C2715,1178,RAVIDASS NAGAR,
C2715,1178,BSNL TOWER,
C2747,1178,VINDAURA,
C2747,1178,BELHARI,
C2747,1178,NANDWAL,
C2747,1178,WAZEERGANJ,
C2747,1178,PHAKHARPUR,
C2747,1178,LUCKNOW ROAD,
C0502,1178,BAHRAICH ROAD,
C0502,1178,BHINGHA ROAD,
C0502,1178,PIPAL CHAURAHA,
C0502,1178,MAIN MARKET ROAD,
C0502,1178,AZAD NAGAR,
C0502,1178,TAHSIL CHAURAHA,
C0502,1178,BECHU BABA ROAD,
C0502,1178,SANJAY PARK ROAD,
C0502,1178,THANA CHAURAHA,
C0502,1178,MANDIR CHAURAHA,
C0298,1178,MAIN MARKET,
C0298,1178,BADRAULI,
C2614,1178,STATION CHAURAHA,
C2614,1178,JANGLI BABA ROAD,
C1933,1178,Sabji Mandi,
C1933,1178,STATION ROAD,
C1933,1178,BARLEN MANDI,
C1933,1178,MALL GODAM ROAD,
C1933,1178,NEPAL GANJ ROAD,
C1933,1178,RAMLILA CHAURAHA,
C1933,1178,RAM JANKI ROAD,
C1933,1178,MARKET ROAD,
C1933,1178,BAJAJ MARKET,
C1257,1178,NANPARA ROAD,
C1257,1178,MAIN MARKET ROAD,
C2576,1178,LUCKNOW ROAD,
C2576,1178,BHINGA ROAD,
C2576,1178,MALHIPUR ROAD,
C0781,1178,KATARNIYA GHAT,
C1749,1178,MAIN MARKET,
C1749,1178,RUPAIDIHA ROAD,
C1749,1178,MIHIPURWA ROAD,
C1749,1178,EMAMGANJ,
C2894,1178,LOCAL,
C2877,1178,LOCAL,
C1612,1178,LOCAL,
C1250,1178,RAMPUR,
C1250,1178,NAWABGANJ,
C1250,1178,GURUGUTTA,
C1250,1178,KAURIA ROAD,
C1250,1178,BABAGANJ,
C1250,1178,GIRANT ROAD,
C1250,1178,GIRANT BAZAR,
C2419,1178,LUCKNOW ROAD,
C2419,1178,GHOSIYANA ROAD,
C0626,1178,BISESARGANJ,
C0626,1178,GANGWAL,
C0626,,GONDA ROAD,
C2713,1184,LOCAL-RAGARGANJ,
C2713,1184,BHAWANI BEGUMGANJ,
C0875,1184,LOCAL,
C2124,1184,INTERIAR,
C2124,1184,LOCAL-HARRIAYA,
C0919,1184,LOCAL-PARASPUR,
C2825,1184,Local-Kauria,
C2470,1184,LOCAL-KATRA BAZAR,
C2085,1738,Bajarang Nara Local,
C2591,1523,Ghosiya,
C2591,1523,Kachhwa,
C2591,1523,Ugapur,
C0454,1158,TULSIPUR,
C0397,1158,BABAGANJ,
C0397,1158,BAGGI ROAD DHANEPUR,
C2422,1158,BALRAMPUR,
C2184,1158,LOCAL UTRAULA,
