Location,Prod_Code,mrp_code,mrp,sale_rate,vertical_value
9110,400000350,,,0,Specialty Fats
9110,400000353,,,0,Specialty Fats
9110,400000753,,,0,Specialty Fats
9110,400000355,,,0,Specialty Fats
4000D,400000348,,,0,Specialty Fats
4000D,400000349,,,0,Specialty Fats
4000D,400000350,,,967.2,Specialty Fats
4000D,400000353,,,951,Specialty Fats
4000D,400000355,,,926.77,Specialty Fats
4000D,400000347,,,832.21,Specialty Fats
4000D,400000348,,,872.56,Specialty Fats
4000D,400000349,,,990.4,Specialty Fats
4000D,400000350,,,0,Specialty Fats
4000D,400000352,,,949.96,Specialty Fats
4000D,400000353,,,0,Specialty Fats
4000D,400000354,,,926.77,Specialty Fats
4000D,400000355,,,0,Specialty Fats
4000D,400000427,,,990.52,Specialty Fats
4000D,400000413,,,0,Specialty Fats
4000D,400000414,,,731.95,Specialty Fats
4000D,400000528,,,956.28,Specialty Fats
4000D,400000598,,,967.68,Specialty Fats
4000D,400000621,,,954.59,Specialty Fats
4000D,400000631,,,951,Specialty Fats
4000D,400000656,,,988.59,Specialty Fats
4000D,400000682,,,880.88,Specialty Fats
4000D,400000699,,,987.33,Specialty Fats
4000D,400000719,,,911.82,Specialty Fats
4000D,400000747,,,1016.1,Specialty Fats
4000D,400000748,,,1008.98,Specialty Fats
4000D,400000774,,,994.25,Specialty Fats
4000D,400000753,,,0,Specialty Fats
4000D,400000754,,,1230.76,Specialty Fats
4000D,400000756,,,1285.59,Specialty Fats
4000D,400000778,,,1012.45,Specialty Fats
4000D,400000783,,,1075.13,Specialty Fats
4000D,400000787,,,978.15,Specialty Fats
4000D,400000810,,,1363.21,Specialty Fats
4000D,400000821,,,1006.63,Specialty Fats
4000D,400000822,,,975.38,Specialty Fats
4000D,400000827,,,995.66,Specialty Fats
4000D,400000753,,,1285.83,Specialty Fats
4000D,400000706,,,0,Specialty Fats
4000D,400000860,,,937.71,Specialty Fats
9201,400000350,,,0,Specialty Fats
9201,400000347,,,857.75,Specialty Fats
9201,400000348,,,898.1,Specialty Fats
9201,400000349,,,1015.94,Specialty Fats
9201,400000350,,,992.74,Specialty Fats
9201,400000352,,,975.5,Specialty Fats
9201,400000353,,,976.54,Specialty Fats
9201,400000354,,,952.31,Specialty Fats
9201,400000355,,,952.31,Specialty Fats
9201,400000427,,,1018.51,Specialty Fats
9201,400000413,,,0,Specialty Fats
9201,400000414,,,757.49,Specialty Fats
9201,400000528,,,981.82,Specialty Fats
9201,400000598,,,993.22,Specialty Fats
9201,400000621,,,980.13,Specialty Fats
9201,400000631,,,976.54,Specialty Fats
9201,400000655,,,0,Specialty Fats
9201,400000656,,,1014.13,Specialty Fats
9201,400000682,,,906.42,Specialty Fats
9201,400000699,,,1012.87,Specialty Fats
9201,400000719,,,937.36,Specialty Fats
9201,400000747,,,1041.64,Specialty Fats
9201,400000748,,,1034.52,Specialty Fats
9201,400000774,,,1019.79,Specialty Fats
9201,400000753,,,0,Specialty Fats
9201,400000754,,,1264.81,Specialty Fats
9201,400000756,,,1319.64,Specialty Fats
9201,400000778,,,1037.99,Specialty Fats
9201,400000783,,,1100.67,Specialty Fats
9201,400000787,,,1003.69,Specialty Fats
9201,400000810,,,1397.26,Specialty Fats
9201,400000821,,,1032.17,Specialty Fats
9201,400000822,,,1000.92,Specialty Fats
9201,400000827,,,1021.2,Specialty Fats
9201,400000999,,,0,Specialty Fats
9201,400000860,,,963.25,Specialty Fats
9207,400000347,,,864.41,Specialty Fats
9207,400000348,,,904.76,Specialty Fats
9207,400000349,,,1022.6,Specialty Fats
9207,400000350,,,999.4,Specialty Fats
9207,400000352,,,982.16,Specialty Fats
9207,400000353,,,983.2,Specialty Fats
9207,400000354,,,958.97,Specialty Fats
9207,400000355,,,958.97,Specialty Fats
9207,400000427,,,1025.17,Specialty Fats
9207,400000413,,,0,Specialty Fats
9207,400000414,,,764.15,Specialty Fats
9207,400000528,,,988.48,Specialty Fats
9207,400000598,,,999.88,Specialty Fats
9207,400000621,,,986.79,Specialty Fats
9207,400000631,,,983.2,Specialty Fats
9207,400000656,,,1020.79,Specialty Fats
9207,400000682,,,913.08,Specialty Fats
9207,400000699,,,1019.53,Specialty Fats
9207,400000719,,,944.02,Specialty Fats
9207,400000747,,,1048.3,Specialty Fats
9207,400000748,,,1041.18,Specialty Fats
9207,400000774,,,1026.45,Specialty Fats
9207,400000753,,,0,Specialty Fats
9207,400000754,,,1273.69,Specialty Fats
9207,400000756,,,1328.52,Specialty Fats
9207,400000778,,,1044.65,Specialty Fats
9207,400000783,,,1107.33,Specialty Fats
9207,400000787,,,1010.35,Specialty Fats
9207,400000810,,,1406.14,Specialty Fats
9207,400000821,,,1038.83,Specialty Fats
9207,400000822,,,1007.58,Specialty Fats
9207,400000827,,,1027.86,Specialty Fats
9207,400000860,,,969.91,Specialty Fats
9203,400000347,,,848.34,Specialty Fats
9203,400000348,,,888.69,Specialty Fats
9203,400000349,,,1006.53,Specialty Fats
9203,400000350,,,983.33,Specialty Fats
9203,400000352,,,966.09,Specialty Fats
9203,400000353,,,967.13,Specialty Fats
9203,400000354,,,942.9,Specialty Fats
9203,400000355,,,942.9,Specialty Fats
9203,400000427,,,1009.1,Specialty Fats
9203,400000413,,,0,Specialty Fats
9203,400000414,,,748.08,Specialty Fats
9203,400000528,,,972.41,Specialty Fats
9203,400000598,,,983.81,Specialty Fats
9203,400000621,,,970.72,Specialty Fats
9203,400000631,,,967.13,Specialty Fats
9203,400000656,,,1004.72,Specialty Fats
9203,400000682,,,897.01,Specialty Fats
9203,400000699,,,1003.46,Specialty Fats
9203,400000719,,,927.95,Specialty Fats
9203,400000747,,,1032.23,Specialty Fats
9203,400000748,,,1025.11,Specialty Fats
9203,400000774,,,1010.38,Specialty Fats
9203,400000753,,,0,Specialty Fats
9203,400000754,,,1252.27,Specialty Fats
9203,400000756,,,1307.1,Specialty Fats
9203,400000778,,,1028.58,Specialty Fats
9203,400000783,,,1091.26,Specialty Fats
9203,400000787,,,994.28,Specialty Fats
9203,400000810,,,1384.72,Specialty Fats
9203,400000821,,,1022.76,Specialty Fats
9203,400000822,,,991.51,Specialty Fats
9203,400000827,,,1011.79,Specialty Fats
9203,400000860,,,953.84,Specialty Fats
9208,400000350,,,991.2,Specialty Fats
9208,400000353,,,975,Specialty Fats
9208,400000355,,,950.77,Specialty Fats
9208,400000347,,,856.21,Specialty Fats
9208,400000348,,,896.56,Specialty Fats
9208,400000349,,,1014.4,Specialty Fats
9208,400000350,,,0,Specialty Fats
9208,400000352,,,973.96,Specialty Fats
9208,400000353,,,0,Specialty Fats
9208,400000354,,,950.77,Specialty Fats
9208,400000355,,,0,Specialty Fats
9208,400000427,,,1016.97,Specialty Fats
9208,400000413,,,0,Specialty Fats
9208,400000414,,,755.95,Specialty Fats
9208,400000528,,,980.28,Specialty Fats
9208,400000598,,,991.68,Specialty Fats
9208,400000621,,,978.59,Specialty Fats
9208,400000631,,,975,Specialty Fats
9208,400000656,,,1012.59,Specialty Fats
9208,400000682,,,904.88,Specialty Fats
9208,400000699,,,1011.33,Specialty Fats
9208,400000719,,,935.82,Specialty Fats
9208,400000747,,,1040.1,Specialty Fats
9208,400000748,,,1032.98,Specialty Fats
9208,400000774,,,1018.25,Specialty Fats
9208,400000753,,,0,Specialty Fats
9208,400000754,,,1262.76,Specialty Fats
9208,400000756,,,1317.59,Specialty Fats
9208,400000759,,,0,Specialty Fats
9208,400000778,,,1036.45,Specialty Fats
9208,400000783,,,1099.13,Specialty Fats
9208,400000787,,,1002.15,Specialty Fats
9208,400000810,,,1395.21,Specialty Fats
9208,400000821,,,1030.63,Specialty Fats
9208,400000822,,,999.38,Specialty Fats
9208,400000827,,,1019.66,Specialty Fats
9208,400000753,,,1317.83,Specialty Fats
9208,400000860,,,961.71,Specialty Fats
9407DD,400000348,,,0,Specialty Fats
9407DD,400000349,,,0,Specialty Fats
9407DD,400000350,,,0,Specialty Fats
9407DD,400000352,,,0,Specialty Fats
9407DD,400000353,,,0,Specialty Fats
9407DD,400000354,,,0,Specialty Fats
9407DD,400000355,,,0,Specialty Fats
9407DD,400000427,,,0,Specialty Fats
9407DD,400000598,,,0,Specialty Fats
9407DD,400000621,,,0,Specialty Fats
9407DD,400000631,,,0,Specialty Fats
9407DD,400000656,,,0,Specialty Fats
9407DD,400000682,,,0,Specialty Fats
9407DD,400000699,,,0,Specialty Fats
9407DD,400000719,,,0,Specialty Fats
9407DD,400000747,,,0,Specialty Fats
9407DD,400000748,,,0,Specialty Fats
9407DD,400000774,,,0,Specialty Fats
9407DD,400000753,,,0,Specialty Fats
9407DD,400000754,,,0,Specialty Fats
9407D,400000348,,,0,Specialty Fats
9407D,400000349,,,0,Specialty Fats
9407D,400000350,,,0,Specialty Fats
9407D,400000352,,,0,Specialty Fats
9407D,400000353,,,0,Specialty Fats
9407D,400000354,,,0,Specialty Fats
9407D,400000355,,,0,Specialty Fats
9407D,400000427,,,0,Specialty Fats
9407D,400000598,,,0,Specialty Fats
9407D,400000621,,,0,Specialty Fats
9407D,400000631,,,0,Specialty Fats
9407D,400000656,,,0,Specialty Fats
9407D,400000682,,,0,Specialty Fats
9407D,400000699,,,0,Specialty Fats
9407D,400000719,,,0,Specialty Fats
9407D,400000747,,,0,Specialty Fats
9407D,400000748,,,0,Specialty Fats
9407D,400000774,,,0,Specialty Fats
9407D,400000753,,,0,Specialty Fats
9407D,400000754,,,0,Specialty Fats
9213,400000347,,,862.41,Specialty Fats
9213,400000348,,,902.76,Specialty Fats
9213,400000349,,,1020.6,Specialty Fats
9213,400000350,,,997.4,Specialty Fats
9213,400000352,,,980.16,Specialty Fats
9213,400000353,,,981.2,Specialty Fats
9213,400000354,,,956.97,Specialty Fats
9213,400000355,,,956.97,Specialty Fats
9213,400000427,,,1023.17,Specialty Fats
9213,400000413,,,0,Specialty Fats
9213,400000414,,,762.15,Specialty Fats
9213,400000528,,,986.48,Specialty Fats
9213,400000598,,,997.88,Specialty Fats
9213,400000621,,,984.79,Specialty Fats
9213,400000631,,,981.2,Specialty Fats
9213,400000656,,,1018.79,Specialty Fats
9213,400000682,,,911.08,Specialty Fats
9213,400000699,,,1017.53,Specialty Fats
9213,400000719,,,942.02,Specialty Fats
9213,400000747,,,1046.3,Specialty Fats
9213,400000748,,,1039.18,Specialty Fats
9213,400000774,,,1024.45,Specialty Fats
9213,400000753,,,0,Specialty Fats
9213,400000754,,,1271.03,Specialty Fats
9213,400000756,,,1325.86,Specialty Fats
9213,400000778,,,1042.65,Specialty Fats
9213,400000783,,,1105.33,Specialty Fats
9213,400000787,,,1008.35,Specialty Fats
9213,400000810,,,1403.48,Specialty Fats
9213,400000821,,,1036.83,Specialty Fats
9213,400000822,,,1005.58,Specialty Fats
9213,400000827,,,1025.86,Specialty Fats
9213,400000860,,,967.91,Specialty Fats
9205,400000347,,,832.21,Specialty Fats
9205,400000348,,,872.56,Specialty Fats
9205,400000349,,,990.4,Specialty Fats
9205,400000350,,,967.2,Specialty Fats
9205,400000352,,,949.96,Specialty Fats
9205,400000353,,,951,Specialty Fats
9205,400000354,,,926.77,Specialty Fats
9205,400000355,,,926.77,Specialty Fats
9205,400000427,,,992.97,Specialty Fats
9205,400000413,,,0,Specialty Fats
9205,400000528,,,956.28,Specialty Fats
9205,400000598,,,967.68,Specialty Fats
9205,400000621,,,954.59,Specialty Fats
9205,400000631,,,951,Specialty Fats
9205,400000656,,,988.59,Specialty Fats
9205,400000682,,,880.88,Specialty Fats
9205,400000699,,,987.33,Specialty Fats
9205,400000719,,,911.82,Specialty Fats
9205,400000747,,,1016.1,Specialty Fats
9205,400000748,,,1008.98,Specialty Fats
9205,400000774,,,994.25,Specialty Fats
9205,400000753,,,0,Specialty Fats
9205,400000754,,,1230.76,Specialty Fats
9205,400000778,,,1012.45,Specialty Fats
9205,400000787,,,978.15,Specialty Fats
9205,400000810,,,1363.21,Specialty Fats
9205,400000821,,,1006.63,Specialty Fats
9205,400000822,,,975.38,Specialty Fats
9205,400000827,,,995.66,Specialty Fats
9407B,400000348,,,0,Specialty Fats
9407B,400000349,,,0,Specialty Fats
9407B,400000350,,,0,Specialty Fats
9407B,400000352,,,0,Specialty Fats
9407B,400000353,,,0,Specialty Fats
9407B,400000354,,,0,Specialty Fats
9407B,400000355,,,0,Specialty Fats
9407B,400000427,,,0,Specialty Fats
9407B,400000598,,,0,Specialty Fats
9407B,400000621,,,0,Specialty Fats
9407B,400000631,,,0,Specialty Fats
9407B,400000682,,,0,Specialty Fats
9407B,400000699,,,0,Specialty Fats
9407B,400000747,,,0,Specialty Fats
9407B,400000748,,,0,Specialty Fats
9407B,400000774,,,0,Specialty Fats
9407B,400000753,,,0,Specialty Fats
9407B,400000754,,,0,Specialty Fats
9211,400000350,,,1003.27,Specialty Fats
9211,400000353,,,987.07,Specialty Fats
9211,400000355,,,962.84,Specialty Fats
9211,400000347,,,868.28,Specialty Fats
9211,400000348,,,908.63,Specialty Fats
9211,400000349,,,1026.47,Specialty Fats
9211,400000350,,,0,Specialty Fats
9211,400000352,,,986.03,Specialty Fats
9211,400000353,,,0,Specialty Fats
9211,400000354,,,962.84,Specialty Fats
9211,400000355,,,0,Specialty Fats
9211,400000427,,,1026.59,Specialty Fats
9211,400000413,,,0,Specialty Fats
9211,400000414,,,768.02,Specialty Fats
9211,400000528,,,992.35,Specialty Fats
9211,400000598,,,1003.75,Specialty Fats
9211,400000621,,,990.66,Specialty Fats
9211,400000631,,,987.07,Specialty Fats
9211,400000656,,,1024.66,Specialty Fats
9211,400000682,,,916.95,Specialty Fats
9211,400000699,,,1023.4,Specialty Fats
9211,400000719,,,947.89,Specialty Fats
9211,400000747,,,1052.17,Specialty Fats
9211,400000748,,,1045.05,Specialty Fats
9211,400000774,,,1030.32,Specialty Fats
9211,400000753,,,0,Specialty Fats
9211,400000754,,,1278.85,Specialty Fats
9211,400000756,,,1333.68,Specialty Fats
9211,400000778,,,1048.52,Specialty Fats
9211,400000783,,,1111.2,Specialty Fats
9211,400000787,,,1014.22,Specialty Fats
9211,400000810,,,1411.3,Specialty Fats
9211,400000821,,,1042.7,Specialty Fats
9211,400000822,,,1011.45,Specialty Fats
9211,400000827,,,1031.73,Specialty Fats
9211,400000753,,,1333.92,Specialty Fats
9211,400000706,,,0,Specialty Fats
9211,400000860,,,973.78,Specialty Fats
9206,400000348,,,0,Specialty Fats
9206,400000349,,,0,Specialty Fats
9206,400000350,,,0,Specialty Fats
9206,400000352,,,0,Specialty Fats
9206,400000353,,,0,Specialty Fats
9206,400000354,,,0,Specialty Fats
9206,400000355,,,0,Specialty Fats
9206,400000427,,,0,Specialty Fats
9206,400000598,,,0,Specialty Fats
9206,400000621,,,0,Specialty Fats
9206,400000631,,,0,Specialty Fats
9206,400000656,,,0,Specialty Fats
9206,400000682,,,0,Specialty Fats
9206,400000699,,,0,Specialty Fats
9206,400000719,,,0,Specialty Fats
9206,400000747,,,0,Specialty Fats
9206,400000748,,,0,Specialty Fats
9206,400000774,,,0,Specialty Fats
9206,400000753,,,0,Specialty Fats
9206,400000754,,,0,Specialty Fats
9215,400000348,,,0,Specialty Fats
9215,400000349,,,0,Specialty Fats
9215,400000350,,,0,Specialty Fats
9215,400000352,,,0,Specialty Fats
9215,400000353,,,0,Specialty Fats
9215,400000354,,,0,Specialty Fats
9215,400000355,,,0,Specialty Fats
9215,400000427,,,0,Specialty Fats
9215,400000598,,,0,Specialty Fats
9215,400000621,,,0,Specialty Fats
9215,400000631,,,0,Specialty Fats
9215,400000656,,,0,Specialty Fats
9215,400000682,,,0,Specialty Fats
9215,400000699,,,0,Specialty Fats
9215,400000719,,,0,Specialty Fats
9215,400000747,,,0,Specialty Fats
9215,400000748,,,0,Specialty Fats
9215,400000774,,,0,Specialty Fats
9215,400000753,,,0,Specialty Fats
9215,400000754,,,0,Specialty Fats
