Branch code/name,Prod_Code,prod_desc,brand_code (fk)/brand_name,brand_form_code (fk)/brand_form_name,brand_sub_form_code(fk)/brand_sub_form_name,cl_stk,acends,black_list,vertical_value,UOM1,UOM2,Conversion,Pack size,UOM3,Conversion2,TD
,171-00010,M UP ST 1 (STETHOSCOPE),RYDER,,,0,Y,N,,PCS,,,,,,0
,171-00006,M UP ST 2 (STETHOSCOPE),RYDER,,,0,Y,N,,PCS,,,,,,0
,171-00007,M UP ST 3 (STETHOSCOPE),RYDER,,,0,Y,N,,PCS,,,,,,0
,171-00011,M UP ST 4 (STETHOSCOPE),RYDER,,,0,Y,N,,PCS,,,,,,0
,157-00012,Ryder300-Black,RYDER,,,0,Y,N,,PCS,,,,,,0
,157-00001,RYDER 300 (SL),RYDER,,,0,Y,N,,PCS,,,,,,0
,157-00017,Ryder 121,RYDER,,,0,Y,N,,PCS,,,,,,0
,153-00008,RYDER 200,RYDER,,,0,Y,N,,PCS,,,,,,0
,153-00014,Ryder 200-Front Cut,RYDER,,,0,Y,N,,PCS,,,,,,0
,153-00015,Ryder 220-Pink,RYDER,,,0,Y,N,,PCS,,,,,,0
,153-00012,Ryder 220,RYDER,,,0,Y,N,,PCS,,,,,,0
,153-00016,Ryder 220MS -Front Cut-Powder coated-Folding-Chair for handicaped / invalid person,RYDER,,,0,Y,N,,PCS,,,,,,0
,156-00019,Ryder 22- Aluminium Elbow Crutch,RYDER,,,0,Y,N,,PCS,,,,,,0
,157-00008,RYDER 300 (SL-M),RYDER,,,0,Y,N,,PCS,,,,,,0
,157-00013,Ryder 310-Tripod,RYDER,,,0,Y,N,,PCS,,,,,,0
,157-00015,Ryder311-Tripod,RYDER,,,0,Y,N,,PCS,,,,,,0
,157-00014,Ryder 320-Quadripod,RYDER,,,0,Y,N,,PCS,,,,,,0
,157-00016,Ryder321-Quadripod,RYDER,,,0,Y,N,,PCS,,,,,,0
,159-00001,RYDER 500BR,RYDER,,,0,Y,N,,PCS,,,,,,0
,158-00017,Ryder -50-MS Walker,RYDER,,,0,Y,N,,PCS,,,,,,0
,158-00018,Ryder 51 Walker,RYDER,,,0,Y,N,,PCS,,,,,,0
,153-00009,RYDER 210,RYDER,,,0,Y,N,,PCS,,,,,,0
,153-00017,Ryder 210MS -Foldable-Front Cut-sitting frame for handicaped / invalid person,RYDER,,,0,Y,N,,PCS,,,,,,0
,153-00019,Ryder 230 MS -Commode Stool for handicaped / invalid person,RYDER,,,0,Y,N,,PCS,,,,,,0
,153-00018,RYDER RB2-PC-Foldable-Height Adjusted sitting frame for handicaped / invalid person,RYDER,,,0,Y,N,,PCS,,,,,,0
,158-00015,RYDER 400,RYDER,,,0,Y,N,,PCS,,,,,,0
,158-00016,RYDER 400-(RED),RYDER,,,0,Y,N,,PCS,,,,,,0
,152-00002,AIRWAVE 3,KARMA,,,0,Y,N,,PCS,,,,,,0
,131-00007,AURORA 3PLUS-BLUE-F24-BLACK-18,KARMA,,,0,Y,N,,PCS,,,,,,0
,131-00008,AURORA 4-BLUE-F24-BLACK-18SW,KARMA,,,0,Y,N,,PCS,,,,,,0
,171-00001,BPM 3AQ12P,KARMA,,,0,Y,N,,PCS,,,,,,0
,171-00003,BPM 3AQ12P,KARMA,,,0,Y,N,,PCS,,,,,,0
,156-00002,CH-10 (MEDIUM),KARMA,,,0,Y,N,,PCS,,,,,,0
,156-00003,CH-10 (LARGE),KARMA,,,0,Y,N,,PCS,,,,,,0
,156-00001,CH-10 (SMALL),KARMA,,,0,Y,N,,PCS,,,,,,0
,114-00001,CHAMPION 100-ORANGE-BLACK-F22 Powder Coated Manual Wheelchair,KARMA,,,0,Y,N,,PCS,,,,,,0
,134-00002,CP200-Pediatric Manual Wheelchair,KARMA,,,0,Y,N,,PCS,,,,,,0
,135-00004,ECON800-F16- Black-Black-18''- Alu. Manual Wheelchair,KARMA,,,0,Y,N,,PCS,,,,,,0
,135-00003,ECON800-Q24- Blue-Black-18''- Alu. Manual Wheelchair,KARMA,,,0,Y,N,,PCS,,,,,,0
,135-00001,ECON800-F24-WHITESIL-18-MAG,KARMA,,,0,Y,N,,PCS,,,,,,0
,133-00001,ERGO LITE-SILVER-F14-BLACK-16SW,KARMA,,,0,Y,N,,PCS,,,,,,0
,133-00002,ERGO LITE-SILVER-F14-BLACK-18SW,KARMA,,,0,Y,N,,PCS,,,,,,0
,133-00019,Ergo Lite2-18 SW,KARMA,,,0,Y,N,,PCS,,,,,,0
,111-00003,FIGHTER C-CM-F24-PVC.BLACK-18SW,KARMA,,,0,Y,N,,PCS,,,,,,0
,111-00008,Fighter C-F12-MAG,KARMA,,,0,Y,N,,PCS,,,,,,0
,113-00001,FIGHT C-MAG-PVC-BLACK-18SW,KARMA,,,0,Y,N,,PCS,,,,,,0
,112-00004,FIGHTER P-PC-F24-RED-18SW,KARMA,,,0,Y,N,,PCS,,,,,,0
,132-00001,KM 2500 PREMIUM WHEELCHAIR ROSE-ORANGE 18'' SW,KARMA,,,0,Y,N,,PCS,,,,,,0
,132-00003,KM 2500 PREMIUM WHEELCHAIR ROSE-ORANGE 16'' SW,KARMA,,,0,Y,N,,PCS,,,,,,0
,132-00002,KM 2500L PREMIUM WHEELCHAIR ROSE-ORANGE 18'' SW,KARMA,,,0,Y,N,,PCS,,,,,,0
,132-00026,KM 2500L PREMIUM WHEELCHAIR ROSE-ORANGE 16'' SW,KARMA,,,0,Y,N,,PCS,,,,,,0
,132-00004,KM 5000 PREMIUM WHEELCHAIR SILVER-ORANGE 18 SW,KARMA,,,0,Y,N,,PCS,,,,,,0
,132-00005,KM5000 F24-SILVER-ORANGE-18 -Premium Alu. Manual Recline Wheelchair,KARMA,,,0,Y,N,,PCS,,,,,,0
,141-00003,KP10.3 S BLACK-BLACK-GREY,KARMA,,,0,Y,N,,PCS,,,,,,0
,141-00016,KP10.3S-17*18 Flat Black-Black(CE), silver Black Stripe (CE) PU Power Wheelchair W/O Battery,KARMA,,,0,Y,N,,PCS,,,,,,0
,153-00003,RAINBOW 2C,KARMA,,,0,Y,N,,PCS,,,,,,0
,153-00005,RAINBOW 5,KARMA,,,0,Y,N,,PCS,,,,,,0
,154-00002,RAINBOW 6-PVC BLACK,KARMA,,,0,Y,N,,PCS,,,,,,0
,154-00004,RAINBOW 7-PVC BLUE,KARMA,,,0,Y,N,,PCS,,,,,,0
,154-00006,RAINBOW 8-PVC BLACK,KARMA,,,0,Y,N,,PCS,,,,,,0
,132-00027,SM100.3 - F22,KARMA,,,0,Y,N,,PCS,,,,,,0
,132-00028,SM150.3 - F16,KARMA,,,0,Y,N,,PCS,,,,,,0
,132-00033,SM150.5 Aluminium -F16 Foldable Wheelchair,KARMA,,,0,Y,N,,PCS,,,,,,0
,132-00032,SM150.5 Aluminium -F22 Foldable Wheelchair,KARMA,,,0,Y,N,,PCS,,,,,,0
,122-00013,Sunny 5-Silver,KARMA,,,0,Y,N,,PCS,,,,,,0
,132-00034,TV30.Aluminum Transit Wheelchair with Carry Bag.,KARMA,,,0,Y,N,,PCS,,,,,,0
,158-00001,WK-50 (BR),KARMA,,,0,Y,N,,PCS,,,,,,0
,158-00002,WK-50 (SL),KARMA,,,0,Y,N,,PCS,,,,,,0
,158-00003,WK-51 (BR),KARMA,,,0,Y,N,,PCS,,,,,,0
,158-00004,WK-51 (SL),KARMA,,,0,Y,N,,PCS,,,,,,0
,158-00019,WK 80 Diamond Blue- Walker,KARMA,,,0,Y,N,,PCS,,,,,,0
,158-00020,WK 80 Diamond Black- Walker,KARMA,,,0,Y,N,,PCS,,,,,,0
,158-00021,WK 80 Diamond Silver- Walker,KARMA,,,0,Y,N,,PCS,,,,,,0
,157-00007,WS-420 (BR),KARMA,,,0,Y,N,,PCS,,,,,,0
,153-00002,RAINBOW 2,KARMA,,,0,Y,N,,PCS,,,,,,0
,111-00009,Fighter 2C-CMF24-Black-Foldable Backrest-Detachable Foortrest -18SW-MS Manual Wheelchair,KARMA,,,0,Y,N,,PCS,,,,,,0
,154-00003,RAINBOW 6-PVC BLUE,KARMA,,,0,Y,N,,PCS,,,,,,0
,154-00005,RAINBOW 7-PVC BLACK,KARMA,,,0,Y,N,,PCS,,,,,,0
,131-00010,Aurora 5-Aluminium Foldable backrest & Footrest F12 Wheelchair,KARMA,,,0,Y,N,,PCS,,,,,,0
,171-00002,BPM A200,KARMA,,,0,Y,N,,PCS,,,,,,0
,132-00013,KM2500-CHGN-F14-BLACK-16SW,KARMA,,,0,Y,N,,PCS,,,,,,0
,132-00015,KM2500L-CHGN-F14-BLACK-18SW,KARMA,,,0,Y,N,,PCS,,,,,,0
,133-00014,SERGO 125-RED-F24-ORANGE-18SW,KARMA,,,0,Y,N,,PCS,,,,,,0
,133-00018,Sergo125-16 SW,KARMA,,,0,Y,N,,PCS,,,,,,0
,133-00003,SERGO 305 PREMIUM WHEELCHAIR SILVER-GRAY-ORANGE 18'' SW,KARMA,,,0,Y,N,,PCS,,,,,,0
,133-00015,SERGO 305-RED-F24-SILVER-16SW,KARMA,,,0,Y,N,,PCS,,,,,,0
,133-00016,SERGO 305-RED-F24-SILVER-18SW,KARMA,,,0,Y,N,,PCS,,,,,,0
,133-00017,SERGO 305-SL-F24-ORANGE-18SW,KARMA,,,0,Y,N,,PCS,,,,,,0
,111-00001,FIGHTER C-CM-F24-BLACK-18SW,KARMA,,,0,Y,N,,PCS,,,,,,0
,111-00002,FIGHTER C-CM-F24-PURPLE-18SW,KARMA,,,0,Y,N,,PCS,,,,,,0
,131-00009,AURORA 6-BLUE-F16-BLACK-18SW,KARMA,,,0,Y,N,,PCS,,,,,,0
,141-00005,KP-10.3-BLCK-ORNGE,KARMA,,,0,Y,N,,PCS,,,,,,0
,157-00006,WS-420 (BLACK),KARMA,,,0,Y,N,,PCS,,,,,,0
,157-00011,WS-420 (SL),KARMA,,,0,Y,N,,PCS,,,,,,0
,151-00001,BASIC ADULT DIAPER(L8),KARMA,,,0,Y,N,,PCS,,,,,,0
,151-00002,BASIC ADULT DIAPER(M10),KARMA,,,0,Y,N,,PCS,,,,,,0
,152-00001,AIRWAVE 1,KARMA,,,0,Y,N,,PCS,,,,,,0
,132-00012,AT20-BLUE-F24-BLACK-17SW,KARMA,,,0,Y,N,,PCS,,,,,,0
,131-00002,AURORA 1-BLUE-F16-BLACK-18SW,KARMA,,,0,Y,N,,PCS,,,,,,0
,131-00004,AURORA 1-BLUE-F24-BLACK-18SW,KARMA,,,0,Y,N,,PCS,,,,,,0
,131-00005,AURORA 3-BLUE-F24-BLACK-16SW,KARMA,,,0,Y,N,,PCS,,,,,,0
,131-00006,AURORA 3-BLUE-F24-BLACK-18SW,KARMA,,,0,Y,N,,PCS,,,,,,0
,141-00004,KP 31T(BLAZER)-ASH-BLACK-19SW,KARMA,,,0,Y,N,,PCS,,,,,,0
,121-00001,BRIZ 1-SILVER-F16-BLUE-18SW,KARMA,,,0,Y,N,,PCS,,,,,,0
,121-00005,BRIZ 1-SILVER-F24-BLUE-18SW,KARMA,,,0,Y,N,,PCS,,,,,,0
,121-00008,BRIZ 3-SILVER-F24-BLACK-18SW,KARMA,,,0,Y,N,,PCS,,,,,,0
,156-00004,CH-11 (BW),KARMA,,,0,Y,N,,PCS,,,,,,0
,156-00007,CH-20,KARMA,,,0,Y,N,,PCS,,,,,,0
,156-00006,CH-20 (SMALL),KARMA,,,0,Y,N,,PCS,,,,,,0
,156-00009,CH-21,KARMA,,,0,Y,N,,PCS,,,,,,0
,156-00008,CH-21(SMALL),KARMA,,,0,Y,N,,PCS,,,,,,0
,156-00011,CH-22,KARMA,,,0,Y,N,,PCS,,,,,,0
,156-00010,CH-22 (SMALL),KARMA,,,0,Y,N,,PCS,,,,,,0
,134-00001,CP100-YELLOW-F16-BLACKRED-15,KARMA,,,0,Y,N,,PCS,,,,,,0
,156-00013,CH-ERGODY-BLCK-ORNGE,KARMA,,,0,Y,N,,PCS,,,,,,0
,156-00012,CH-ERGODY-BLCK-BLUE,KARMA,,,0,Y,N,,PCS,,,,,,0
,156-00014,CH-ERGOTECH-BLUE,KARMA,,,0,Y,N,,PCS,,,,,,0
,156-00015,CH-ERGOTECH-WHITE,KARMA,,,0,Y,N,,PCS,,,,,,0
,141-00015,HC 100,KARMA,,,0,Y,N,,PCS,,,,,,0
,132-00016,KM7501-YELLOW-F14-GREEN-13.5SW,KARMA,,,0,Y,N,,PCS,,,,,,0
,132-00017,KM7501-YL-F14-GR-13.5SW-TABLE,KARMA,,,0,Y,N,,PCS,,,,,,0
,132-00006,KM-7520,KARMA,,,0,Y,N,,PCS,,,,,,0
,132-00007,KM8020X-CP-F24-BLACK-20SW,KARMA,,,0,Y,N,,PCS,,,,,,0
,132-00009,KM8020X-CP-F24-BLACK-22SW,KARMA,,,0,Y,N,,PCS,,,,,,0
,132-00008,KM-8520-F24-BLACK-18-MAG,KARMA,,,0,Y,N,,PCS,,,,,,0
,132-00018,KMAA20-CHGN-F24-BLACK-15SW,KARMA,,,0,Y,N,,PCS,,,,,,0
,132-00023,KM.TV20.2-BLACK-F16-BLACK-16SW,KARMA,,,0,Y,N,,PCS,,,,,,0
,141-00001,KP10.2 SILVER-BLACK-RED,KARMA,,,0,Y,N,,PCS,,,,,,0
,141-00017,KP10.3 (CPT) - Black-Grey-Captain Seat-Power Wheelchair W/o battery,KARMA,,,0,Y,N,,PCS,,,,,,0
,141-00002,KP25.2-BLUE-BLACK-18SW,KARMA,,,0,Y,N,,PCS,,,,,,0
,141-00007,KP25.2-BLUE-BLACK-16SW,KARMA,,,0,Y,N,,PCS,,,,,,0
,141-00008,KP-45.3,KARMA,,,0,Y,N,,PCS,,,,,,0
,141-00012,KP-45.3TR,KARMA,,,0,Y,N,,PCS,,,,,,0
,141-00013,KP-45.3TR,KARMA,,,0,Y,N,,PCS,,,,,,0
,141-00014,KP80-BLUE-BLACK-18SW,KARMA,,,0,Y,N,,PCS,,,,,,0
,142-00002,KS-747.2,KARMA,,,0,Y,N,,PCS,,,,,,0
,155-00001,LAVISH 1-WHITE,KARMA,,,0,Y,N,,PCS,,,,,,0
,155-00002,LAVISH 2-SILVER,KARMA,,,0,Y,N,,PCS,,,,,,0
,132-00010,MVP 502,KARMA,,,0,Y,N,,PCS,,,,,,0
,153-00001,RAINBOW 1,KARMA,,,0,Y,N,,PCS,,,,,,0
,153-00004,RAINBOW 3,KARMA,,,0,Y,N,,PCS,,,,,,0
,153-00006,RAINBOW A,KARMA,,,0,Y,N,,PCS,,,,,,0
,153-00007,RAINBOW B,KARMA,,,0,Y,N,,PCS,,,,,,0
,221-00101,Rollator-1,KARMA,,,0,Y,N,,PCS,,,,,,0
,133-00006,SERGO 105-RED-F24-ORANGE-16SW,KARMA,,,0,Y,N,,PCS,,,,,,0
,133-00007,SERGO 105-RED-F24-ORANGE-18SW,KARMA,,,0,Y,N,,PCS,,,,,,0
,133-00011,SERGO 106-SL-F24-ORANGE-18SW,KARMA,,,0,Y,N,,PCS,,,,,,0
,133-00013,S115,KARMA,,,0,Y,N,,PCS,,,,,,0
,156-00016,CH-SAFEWALK-BEIGE,KARMA,,,0,Y,N,,PCS,,,,,,0
,156-00018,CH-SAFEWALK-RED,KARMA,,,0,Y,N,,PCS,,,,,,0
,156-00017,CH-SAFEWALK-BLUE,KARMA,,,0,Y,N,,PCS,,,,,,0
,132-00025,SME Manual Standing Wheelchair,KARMA,,,0,Y,N,,PCS,,,,,,0
,122-00003,SUNNY 1C-CM-F24-BLUE-18SW,KARMA,,,0,Y,N,,PCS,,,,,,0
,122-00008,SUNNY 2P-SILVER-F24-BLUE-18SW,KARMA,,,0,Y,N,,PCS,,,,,,0
,122-00009,SUNNY 2P-SILVER-F24-RED-16SW,KARMA,,,0,Y,N,,PCS,,,,,,0
,122-00011,SUNNY 3P-SILVER-F24-RED-18SW,KARMA,,,0,Y,N,,PCS,,,,,,0
,161-00028,TRAVEL BAGFRO KM-2500L/ERGO LITE,KARMA,,,0,Y,N,,PCS,,,,,,0
,132-00022,VIP515-DIAMOND-F14-SLBLACK-18SW,KARMA,,,0,Y,N,,PCS,,,,,,0
,132-00021,VIP515-DIAMOND-F14-SLBLACK-16SW,KARMA,,,0,Y,N,,PCS,,,,,,0
,158-00005,WK-52,KARMA,,,0,Y,N,,PCS,,,,,,0
,158-00007,WK-53 (SL),KARMA,,,0,Y,N,,PCS,,,,,,0
,158-00009,WK-54 (SL),KARMA,,,0,Y,N,,PCS,,,,,,0
,158-00012,WK-56 (SL),KARMA,,,0,Y,N,,PCS,,,,,,0
,158-00011,WK-56 (BR),KARMA,,,0,Y,N,,PCS,,,,,,0
,158-00013,WK-57 (SL),KARMA,,,0,Y,N,,PCS,,,,,,0
,158-00014,WK-58 (BR),KARMA,,,0,Y,N,,PCS,,,,,,0
,157-00002,WS-101,KARMA,,,0,Y,N,,PCS,,,,,,0
,157-00003,WS-121 (BLACK),KARMA,,,0,Y,N,,PCS,,,,,,0
,157-00004,WS-121 (BR),KARMA,,,0,Y,N,,PCS,,,,,,0
,157-00010,WS-121 (SL),KARMA,,,0,Y,N,,PCS,,,,,,0
,157-00005,WS-131 (BR),KARMA,,,0,Y,N,,PCS,,,,,,0
,141-00019,e-Flexx F14 Power Wheelchair With Lithium Battery,KARMA,,,0,Y,N,,PCS,,,,,,0
,141-00020,e-Flexx F20 Power Wheelchair With Lithium Battery,KARMA,,,0,Y,N,,PCS,,,,,,0
,141-00018,MORGAN POWER WHEELCHAIR WITH KISSS SEATING,KARMA,,,0,Y,N,,PCS,,,,,,0
,158-00022,Rollator-1,KARMA,,,0,Y,N,,PCS,,,,,,0
,113-00002,PC1-SW14-PEDIATRIC MANUAL WHEELCHAIR,KARMA,,,0,Y,N,,PCS,,,,,,0
,111-00010,Fighter C- HS 18 SW- F24 Manual Wheelchair,KARMA,,,0,Y,N,,PCS,,,,,,0
,122-00014,Sunny 6-MS Wheelchair 12 PU rear wheel detachable armrest detachable legrest.,KARMA,,,0,Y,N,,PCS,,,,,,0
,122-00015,Sunny 7 PVC Black-Detachable Armrest-Fixed Footrest-F24 Manual Wheelchair,KARMA,,,0,Y,N,,PCS,,,,,,0
,122-00016,Sunny 8 PVC Black-Detachable Armrest-Elevating Footrest-F24 Manual Wheelchair,KARMA,,,0,Y,N,,PCS,,,,,,0
,163-00124,SP 50- POWER WHEELCHAIR,KARMA,,,0,Y,N,,PCS,,,,,,0
,171-00005,BP3NM1-3E-GOLDEN,KARMA,,,0,Y,N,,PCS,,,,,,0
,114-00003,CHM 100 F22-Red Brown,KARMA,,,0,Y,N,,PCS,,,,,,0
,114-00004,CHM 100 MAG F22-Diamond Black,KARMA,,,0,Y,N,,PCS,,,,,,0
,114-00005,CHM 100 MAG F22-Red Black,KARMA,,,0,Y,N,,PCS,,,,,,0
,114-00006,CHM 100 AB F22-Diamond Black,KARMA,,,0,Y,N,,PCS,,,,,,0
,114-00007,CHM 100 FB F22-Diamond Black,KARMA,,,0,Y,N,,PCS,,,,,,0
,153-00020,Rainbow 9-Commode Chair-Wheel Flip Footrest,KARMA,,,0,Y,N,,PCS,,,,,,0
,159-00002,STRL - MS FOLDING STRETCHER WITH CARRY BAG,KARMA,,,0,Y,N,,PCS,,,,,,0
,114-00002,CHAMPION 100-BLUE-BLACK-F22 Powder Coated Manual Wheelchair,KARMA,,,0,Y,N,,PCS,,,,,,0
,141-00023,SP 100 16SW,KARMA,,,0,Y,N,,PCS,,,,,,0
,141-00024,SP 100 18SW,KARMA,,,0,Y,N,,PCS,,,,,,0
,141-00022,KP45.5- Power Tilt Recline Wheelchair,KARMA,,,0,Y,N,,PCS,,,,,,0
,172-00001,NC 150 Non-contact Forehead Thermometer,KARMA,,,0,Y,N,,PCS,,,,,,0
