Depot code,Route,Freight,acedns,date,Transport mode,Capacity,State code
1000D,"Narkatiaganj",46240,Y,24/08/2018,Truck,16,BR
4000D,"Jedimetla",28000,Y,21/08/2018,Truck,16,TG
4000D,"Katedan",27800,Y,21/08/2018,Truck,16,TG
4000D,"Samseergunj",28000,Y,21/08/2018,Truck,16,TG
4000D,"R.C.Puram",29000,Y,21/08/2018,Truck,16,TG
4000D,"MALEKPET",25500,Y,21/08/2018,Truck,16,TG
4000D,"Nagpur",48000,Y,21/08/2018,Truck,21,MH
1000D,"Kushinagar",44800,Y,20/08/2018,Truck,16,UPE
1000D,"Rajapur",60800,Y,20/08/2018,Truck,16,MH
4000D,"Narsipatnam",26241,Y,20/08/2018,Truck,16,AP
1000D,"Raigad",62400,Y,20/08/2018,Truck,16,MH
9405,"Gajrolla",6500,Y,18/08/2018,Truck,9,UPW
4000D,"Yavatmal",41500,Y,17/08/2018,Truck,16,MH
1000D,"Chanditala",8000,Y,15/08/2018,Truck,7.5,WB
1000D,"Borehat",10120,Y,15/08/2018,Truck,7.5,WB
1000D,"Nalhati",10350,Y,15/08/2018,Truck,7.5,WB
1000D,"Diamond Harbour",10000,Y,15/08/2018,Truck,7.5,WB
1000D,"Bhangore",10500,Y,15/08/2018,Truck,7.5,WB
1000D,"Raipur",8906,Y,15/08/2018,Truck,7.5,WB
1000D,"Dharampur",10000,Y,15/08/2018,Truck,7.5,WB
1000D,"Beldanga",11500,Y,15/08/2018,Truck,7.5,WB
1000D,"Batanagar",10500,Y,15/08/2018,Truck,7.5,WB
1000D,"Majdia",10925,Y,15/08/2018,Truck,7.5,WB
1000D,"Janai Road Station",8000,Y,15/08/2018,Truck,7.5,WB
1000D,"Purba Mednipur",6500,Y,15/08/2018,Truck,7.5,WB
1000D,"Keranitola",7400,Y,15/08/2018,Truck,7.5,WB
1000D,"Kamarkundu",8000,Y,15/08/2018,Truck,7.5,WB
1000D,"Jangipur",11500,Y,15/08/2018,Truck,7.5,WB
1000D,"Khargram",12000,Y,15/08/2018,Truck,7.5,WB
1000D,"Karimpur",10925,Y,15/08/2018,Truck,7.5,WB
1000D,"Strand Road",8200,Y,15/08/2018,Truck,7.5,WB
1000D,"Berachampa",10000,Y,15/08/2018,Truck,7.5,WB
1000D,"Plassey",10925,Y,15/08/2018,Truck,7.5,WB
1000D,"Kandi",12000,Y,15/08/2018,Truck,7.5,WB
1000D,"Domkol",12000,Y,15/08/2018,Truck,7.5,WB
1000D,"Katwa",8625,Y,15/08/2018,Truck,7.5,WB
1000D,"Khagra",12000,Y,15/08/2018,Truck,7.5,WB
1000D,"North Bawali",10500,Y,15/08/2018,Truck,7.5,WB
1000D,"Aurangabad (WB)",12000,Y,15/08/2018,Truck,7.5,WB
1000D,"Nasaratpur",9125,Y,15/08/2018,Truck,7.5,WB
4000D,"Vizianagram",34000,Y,14/08/2018,Truck,16,AP
4000D,"Chandrapur",57000,Y,14/08/2018,Truck,21,MH
1000D,"Chakdaha",9600,Y,14/08/2018,Truck,7.5,WB
1000D,"Duttapuliya",9200,Y,14/08/2018,Truck,7.5,WB
4000D,"GADCHIROLI",45000,Y,14/08/2018,Truck,16,MH
4000D,"Wadsa",48600,Y,14/08/2018,Truck,16,MH
1000D,"Ranaghat",9200,Y,14/08/2018,Truck,7.5,WB
4000D,"Ankapalle",29746,Y,10/08/2018,Truck,16,AP
1000D,"Malda",12422,Y,10/08/2018,Truck,7.5,WB
4000D,"Aurangabad (MH)",39000,Y,09/08/2018,Truck,16,MH
4000D,"GULLABAGH",24000,Y,09/08/2018,Truck,16,BR
9116,"Agartala",40000,Y,09/08/2018,Truck,20,TR
4000D,"Bhubaneswar",54000,Y,09/08/2018,Truck,21,OR
4000D,"Malegaon",49000,Y,09/08/2018,Truck,21,MH
4000D,"Chennai",12600,Y,09/08/2018,Truck,16,TN
1000D,"Bishnupur",8672,Y,09/08/2018,Truck,7.5,WB
4000D,"Kurla",57420,Y,09/08/2018,Truck,21,MH
4000D,"Vissannapet",24000,Y,09/08/2018,Truck,16,AP
4000D,"Begumbazar",22500,Y,09/08/2018,Truck,16,TG
4000D,"Cuttack",64000,Y,09/08/2018,Truck,25,OR
4000D,"Manchirial",27407,Y,09/08/2018,Truck,16,TG
4000D,"Kolkata",84000,Y,09/08/2018,Truck,21,WB
4000D,"Jagtiyal",27000,Y,09/08/2018,Truck,16,TG
4000D,"Nandigana",17640,Y,09/08/2018,Truck,16,AP
1000D,"Purnia",32960,Y,08/08/2018,Truck,16,BR
1000D,"Chitrakut",37920,Y,08/08/2018,Truck,16,UPE
4000D,"Adone",15800,Y,08/08/2018,Truck,10,AP
4000D,"Guntur",9500,Y,08/08/2018,Truck,10,AP
4000D,"Vijayawada",12000,Y,08/08/2018,Truck,10,AP
4000D,"Machilipatnam",19300,Y,08/08/2018,Truck,16,AP
1000D,"MANDLA",43600,Y,08/08/2018,Truck,16,MP
1000D,"Jaora",52496,Y,08/08/2018,Truck,16,MP
1000D,"Saiyadraja",31360,Y,08/08/2018,Truck,16,UPE
4000D,"Kurnool",15800,Y,08/08/2018,Truck,10,AP
4000D,"Chilakaluru",10890,Y,08/08/2018,Truck,10,AP
4000D,"Madurai",33000,Y,08/08/2018,Truck,16,TN
5000D,"Gwalior",80220,Y,08/08/2018,Truck,21,MP
1000D,"Tumsar(Bhandara)",34544,Y,08/08/2018,Truck,16,MH
1000D,"Gulburga",54400,Y,08/08/2018,Truck,16,KA
1000D,"Ballia",37920,Y,08/08/2018,Truck,16,UPE
4000D,"Ahmednagar",35640,Y,08/08/2018,Truck,16,MH
4000D,"Vijaywada",19500,Y,08/08/2018,Truck,16,AP
4000D,"Hyderabad",22500,Y,08/08/2018,Truck,16,TG
4000D,"Solpur",34300,Y,08/08/2018,Truck,16,MH
1000D,"KANNAUJ",43520,Y,08/08/2018,Truck,16,UPE
1000D,"KHAMGAON",44544,Y,08/08/2018,Truck,16,MH
1000D,"Sharanpaur",46080,Y,08/08/2018,Truck,16,UPW
4000D,"Solapur",34300,Y,08/08/2018,Truck,16,MH
4000D,"Rajapur",63270,Y,08/08/2018,Truck,21,MH
4000D,"Bijapur",24000,Y,08/08/2018,Truck,10,KA
4000D,"Thirupati",13000,Y,08/08/2018,Truck,16,AP
1000D,"ROHTAS",45000,Y,08/08/2018,Truck,20,BR
1000D,"Tumsar",34544,Y,08/08/2018,Truck,16,MH
1000D,"Yavatmal",38080,Y,08/08/2018,Truck,16,MH
1000D,"Sarai(Hazipur)",37920,Y,08/08/2018,Truck,16,BR
4000D,"Machalipatnam",19300,Y,08/08/2018,Truck,16,AP
4000D,"Posta",93100,Y,08/08/2018,Truck,21,WB
4000D,"Howrah",65572,Y,08/08/2018,Truck,16,WB
4000D,"Siddipet",25000,Y,08/08/2018,Truck,16,TG
1000D,"JAYANTGARH",23360,Y,08/08/2018,Truck,16,JH
1000D,"Dehri",33760,Y,07/08/2018,Truck,16,BR
1000D,"Ghazipur",36640,Y,07/08/2018,Truck,16,UPE
1000D,"Phuentsholing",46400,Y,07/08/2018,Truck,16,BH
1000D,"Chakradharpur",25600,Y,07/08/2018,Truck,16,JH
1000D,"Bagha",50400,Y,07/08/2018,Truck,16,BR
1000D,"Bhatinda",51520,Y,07/08/2018,Truck,16,PB
1000D,"West Champaran",46160,Y,07/08/2018,Truck,16,BR
4000D,"Visakhapatnam",26814,Y,06/08/2018,Truck,16,AP
1000D,"Kalna",8625,Y,05/08/2018,Truck,7.5,WB
1000D,"Sonamukhi",9125,Y,05/08/2018,Truck,7.5,WB
1000D,"Guskara",9085,Y,05/08/2018,Truck,7.5,WB
1000D,"Howrah",7500,Y,05/08/2018,Truck,7.5,WB
1000D,"Domjur",7200,Y,05/08/2018,Truck,7.5,WB
1000D,"24 Pgs (North )",10000,Y,05/08/2018,Truck,7.5,WB
1000D,"Dhuliyan",11500,Y,05/08/2018,Truck,7.5,WB
1000D,"Ghatal",5775,Y,05/08/2018,Truck,7.5,WB
1000D,"Asansol",10120,Y,05/08/2018,Truck,7.5,WB
1000D,"East Midnapur",5357,Y,05/08/2018,Truck,7.5,WB
1000D,"Gaighata",7665,Y,05/08/2018,Truck,7.5,WB
1000D,"Gopalnagar",10000,Y,05/08/2018,Truck,7.5,WB
1000D,"Kamarhati",7500,Y,05/08/2018,Truck,7.5,WB
1000D,"Kolkata",8200,Y,05/08/2018,Truck,7.5,WB
1000D,"Rupnarayanpur",10120,Y,05/08/2018,Truck,7.5,WB
1000D,"Kirnahar",10350,Y,05/08/2018,Truck,7.5,WB
1000D,"Tarakeswar",8000,Y,05/08/2018,Truck,7.5,WB
1000D,"Charabarh",6094,Y,05/08/2018,Truck,7.5,WB
1000D,"Sainthia",9775,Y,05/08/2018,Truck,7.5,WB
1000D,"Nandkumar",4400,Y,05/08/2018,Truck,7.5,WB
1000D,"Durgapur",9085,Y,05/08/2018,Truck,7.5,WB
1000D,"Salar",10120,Y,05/08/2018,Truck,7.5,WB
1000D,"Shantipur",10120,Y,05/08/2018,Truck,7.5,WB
1000D,"Burdwan",8510,Y,05/08/2018,Truck,7.5,WB
1000D,"Barakar",10350,Y,05/08/2018,Truck,7.5,WB
1000D,"24 Pgs (South)",10500,Y,05/08/2018,Truck,7.5,WB
1000D,"Baidyabati",8000,Y,05/08/2018,Truck,7.5,WB
1000D,"Contai",5775,Y,05/08/2018,Truck,7.5,WB
1000D,"Hooghly",7300,Y,05/08/2018,Truck,7.5,WB
1000D,"Daspur",5895,Y,05/08/2018,Truck,7.5,WB
1000D,"Krishnanagar",10350,Y,05/08/2018,Truck,7.5,WB
1000D,"Tamluk",5400,Y,05/08/2018,Truck,7.5,WB
1000D,"Burnpur",10120,Y,05/08/2018,Truck,7.5,WB
1000D,"Raniganj",9775,Y,05/08/2018,Truck,7.5,WB
1000D,"Dhubulia",10350,Y,05/08/2018,Truck,7.5,WB
1000D,"Naihati",8500,Y,05/08/2018,Truck,7.5,WB
1000D,"Berhampur (WB)",11500,Y,05/08/2018,Truck,7.5,WB
1000D,"Kaliachak",9750,Y,05/08/2018,Truck,7.5,WB
1000D,"Purulia",10925,Y,05/08/2018,Truck,7.5,WB
1000D,"Nandakumar",4400,Y,05/08/2018,Truck,7.5,WB
1000D,"Rampurhat",9775,Y,05/08/2018,Truck,7.5,WB
1000D,"Haldia",4200,Y,05/08/2018,Truck,7.5,WB
1000D,"Kakdwip",10500,Y,05/08/2018,Truck,7.5,WB
1000D,"Bankura",8625,Y,05/08/2018,Truck,7.5,WB
1000D,"Posta",8200,Y,05/08/2018,Truck,7.5,WB
1000D,"Niyamatpur",10120,Y,05/08/2018,Truck,7.5,WB
1000D,"Cotton Street",8200,Y,05/08/2018,Truck,7.5,WB
1000D,"Murshidabad",11500,Y,05/08/2018,Truck,7.5,WB
1000D,"Barasat",7950,Y,05/08/2018,Truck,7.5,WB
1000D,"Midnapur",5900,Y,05/08/2018,Truck,7.5,WB
1000D,"Jiaganj",11500,Y,05/08/2018,Truck,7.5,WB
1000D,"Asari",5893,Y,05/08/2018,Truck,7.5,WB
1000D,"Amtala",9000,Y,05/08/2018,Truck,7.5,WB
1000D,"Khardah",7800,Y,05/08/2018,Truck,7.5,WB
9110,"Haringhata",4200,Y,04/08/2018,Truck,4.5,WB
9110,"Bandel",3100,Y,04/08/2018,Truck,4.5,WB
9110,"Burdwan",4770,Y,04/08/2018,Truck,4.5,WB
9110,"Rajpur",2755,Y,04/08/2018,Truck,4.5,WB
9110,"Pandua",3600,Y,04/08/2018,Truck,4.5,WB
9110,"Beldanga",7400,Y,04/08/2018,Truck,4.5,WB
9110,"Krishnanagar",5210,Y,04/08/2018,Truck,4.5,WB
9110,"Bishnupur",6160,Y,04/08/2018,Truck,2.8,WB
9108,"Agartala",58000,Y,04/08/2018,Truck,20,TR
9110,"Khanakul",4000,Y,04/08/2018,Truck,4.5,WB
9110,"Chanditala",2800,Y,04/08/2018,Truck,4.5,WB
9110,"Canning",3800,Y,04/08/2018,Truck,4.5,WB
9110,"Ranaghat",5020,Y,04/08/2018,Truck,4.5,WB
9110,"Batanagar",2700,Y,04/08/2018,Truck,4.5,WB
9110,"Amtala",3000,Y,04/08/2018,Truck,4.5,WB
9110,"Khargram",8900,Y,04/08/2018,Truck,4.5,WB
9110,"Kandi",8154,Y,04/08/2018,Truck,2.8,WB
9110,"Naihati",3500,Y,04/08/2018,Truck,4.5,WB
1000D,"Gorakhpur",48400,Y,04/08/2018,Truck,20,UPE
9110,"Jangipur",6800,Y,04/08/2018,Truck,9,WB
9110,"North Bawali",3000,Y,04/08/2018,Truck,4.5,WB
9110,"Hooghly",3050,Y,04/08/2018,Truck,4.5,WB
9110,"Katwa",5300,Y,04/08/2018,Truck,4.5,WB
9110,"Howrah",2000,Y,04/08/2018,Truck,4.5,WB
5000D,"Malegaon",49920,Y,03/08/2018,Truck,16,MH
1000D,"Gwalior",62181,Y,03/08/2018,Truck,21,MP
1000D,"Raghunathganj",9844,Y,03/08/2018,Truck,7.5,WB
1000D,"Indore",61425,Y,03/08/2018,Truck,21,MP
1000D,"Hind Motor",7400,Y,02/08/2018,Truck,7.5,WB
1000D,"Kharagpur",7400,Y,02/08/2018,Truck,7.5,WB
1000D,"Amta",7300,Y,02/08/2018,Truck,7.5,WB
1000D,"Baruipur",8600,Y,02/08/2018,Truck,7.5,WB
1000D,"Belda",5880,Y,02/08/2018,Truck,7.5,WB
1000D,"Canning",10500,Y,02/08/2018,Truck,7.5,WB
1000D,"Pandua",7400,Y,02/08/2018,Truck,7.5,WB
1000D,"Bangaon",10000,Y,02/08/2018,Truck,7.5,WB
1000D,"Arambag",7300,Y,02/08/2018,Truck,7.5,WB
1000D,"Nalikul",8000,Y,02/08/2018,Truck,7.5,WB
1000D,"Metiaburz",7500,Y,02/08/2018,Truck,7.5,WB
1000D,"Khanakul",7420,Y,02/08/2018,Truck,7.5,WB
1000D,"Habra",10000,Y,02/08/2018,Truck,7.5,WB
1000D,"Rajarhat",8200,Y,02/08/2018,Truck,7.5,WB
1000D,"Debra",5460,Y,02/08/2018,Truck,7.5,WB
1000D,"Jhargram",6300,Y,02/08/2018,Truck,7.5,WB
1000D,"Hoogley",7300,Y,02/08/2018,Truck,7.5,WB
1000D,"Jagatdal",8300,Y,02/08/2018,Truck,7.5,WB
1000D,"Barrackpur",8300,Y,02/08/2018,Truck,7.5,WB
1000D,"Panskura",5460,Y,02/08/2018,Truck,7.5,WB
1000D,"Uluberia",7000,Y,02/08/2018,Truck,7.5,WB
1000D,"Bandel",8500,Y,02/08/2018,Truck,7.5,WB
1000D,"Basirhat",10000,Y,02/08/2018,Truck,7.5,WB
1000D,"Champadanga",8500,Y,02/08/2018,Truck,7.5,WB
1000D,"Kanchrapara",8500,Y,02/08/2018,Truck,7.5,WB
1000D,"Rajpur",8400,Y,02/08/2018,Truck,7.5,WB
5000D,"Jalgaon",42302,Y,31/07/2018,Truck,16,MH
1000D,"Nadia",9140,Y,31/07/2018,Truck,7.5,WB
5000D,"Ghoti",44963,Y,31/07/2018,Truck,16,MH
5000D,"Nasik",44963,Y,31/07/2018,Truck,16,MH
1000D,"Ratnagiri",71200,Y,31/07/2018,Truck,16,MH
5000D,"Ahmednagar",54812,Y,27/07/2018,Truck,16,MH
9110,"Hind Motor",4403,Y,26/07/2018,Truck,4.5,WB
9110,"Gopalnagar",10018,Y,26/07/2018,Truck,7.5,WB
9411,"Jalandhar",3021,Y,25/07/2018,Truck,4.5,PB
9302KP,"Raigad",4068,Y,25/07/2018,Truck,4.5,MH
9411,"Malerkotla",3600,Y,25/07/2018,Truck,4.5,PB
9116,"Dharamnagar",31140,Y,25/07/2018,20,TR,
9302,"Raigad",4068,Y,25/07/2018,Truck,4.5,MH
9417,"Uttam Nagar",2160,Y,25/07/2018,Truck,4.5,DL
9417,"Bhawana",2250,Y,25/07/2018,Truck,4.5,DL
4000D,"Warangal",21000,Y,24/07/2018,Truck,16,TG
4000D,"Zahirabad",24941,Y,24/07/2018,Truck,16,TG
4000D,"Amravati",39000,Y,24/07/2018,Truck,16,MH
4000D,"Raichur",22275,Y,24/07/2018,Truck,16,KA
4000D,"Berhampur",51000,Y,24/07/2018,Truck,21,OR
4000D,"Gulburga",24000,Y,24/07/2018,Truck,16,KA
1000D,"Raiganj",27600,Y,24/07/2018,Truck,16,WB
4000D,"RATLAM",52200,Y,24/07/2018,Truck,16,MP
4000D,"Ballarshah",38000,Y,24/07/2018,Truck,16,MH
4000D,"Kantabangi",44190,Y,24/07/2018,Truck,16,OR
1000D,"Gangarampur",27600,Y,24/07/2018,Truck,16,WB
4000D,"Barshi",34500,Y,24/07/2018,Truck,16,MH
4000D,"Gadag",29500,Y,24/07/2018,Truck,16,KA
4000D,"Karad",38115,Y,24/07/2018,Truck,16,MH
4000D,"Proddatur",11859,Y,24/07/2018,Truck,16,AP
4000D,"Ghoti",40680,Y,24/07/2018,Truck,16,MH
4000D,"MANDLA",60000,Y,24/07/2018,Truck,21,MP
4000D,"Adilabad",29000,Y,24/07/2018,Truck,16,TG
4000D,"Bidar",35145,Y,24/07/2018,Truck,21,KA
4000D,"Raniganj",72930,Y,24/07/2018,Truck,16,WB
4000D,"Belda",68000,Y,24/07/2018,Truck,16,WB
4000D,"Srirampur",38710,Y,24/07/2018,Truck,16,MH
4000D,"Jath",38115,Y,24/07/2018,Truck,16,MH
4000D,"Tirupati",13000,Y,24/07/2018,Truck,16,AP
4000D,"Tenali",9800,Y,24/07/2018,Truck,10,AP
4000D,"MANDAPETA",26928,Y,24/07/2018,Truck,16,AP
4000D,"Hooghly",73500,Y,24/07/2018,Truck,16,WB
4000D,"Karimnagar",25200,Y,24/07/2018,Truck,16,TG
4000D,"SK Nagar",31000,Y,24/07/2018,Truck,16,TG
4000D,"Bhiwandi",43500,Y,24/07/2018,Truck,16,MH
1000D,"Tufanganj",43200,Y,24/07/2018,Truck,16,WB
4000D,"Yellandu",20000,Y,24/07/2018,Truck,10,TG
4000D,"Kothagudem",19500,Y,24/07/2018,Truck,10,TG
4000D,"Vellore",16317,Y,24/07/2018,Truck,16,TN
1000D,"Islampur",33600,Y,24/07/2018,Truck,16,WB
4000D,"Akluj",34500,Y,24/07/2018,Truck,16,MH
4000D,"SRUNGAVARAPUKOTA",25740,Y,24/07/2018,Truck,10,AP
4000D,"KHAMGAON",47000,Y,24/07/2018,Truck,16,MH
4000D,"Belgaum",32900,Y,24/07/2018,Truck,16,KA
1000D,"Jalpaiguri",39200,Y,24/07/2018,Truck,16,WB
4000D,"Khurdha",55000,Y,24/07/2018,Truck,21,OR
4000D,"Kagal",37730,Y,24/07/2018,Truck,16,MH
4000D,"Shimoga",38610,Y,24/07/2018,Truck,21,KA
4000D,"PIPARIYA",69000,Y,24/07/2018,Truck,21,MP
4000D,"Udgir",32860,Y,24/07/2018,Truck,16,MH
4000D,"Virar",47025,Y,24/07/2018,Truck,16,MH
4000D,"Ausa",34700,Y,24/07/2018,Truck,16,MH
4000D,"Srikakulam",32000,Y,24/07/2018,Truck,16,AP
4000D,"Akola",40140,Y,24/07/2018,Truck,16,MH
4000D,"Jalna",39600,Y,24/07/2018,Truck,16,MH
4000D,"Midnapur",89100,Y,24/07/2018,Truck,21,WB
4000D,"Pune",35300,Y,24/07/2018,Truck,16,MH
4000D,"Bangalore",22500,Y,24/07/2018,Truck,16,KA
4000D,"Ichalkaranji",39600,Y,24/07/2018,Truck,16,MH
9110,"Malda",6694,Y,24/07/2018,Truck,4.5,WB
4000D,"Kalyan",46420,Y,24/07/2018,Truck,16,MH
4000D,"Palghar",44700,Y,24/07/2018,Truck,16,MH
4000D,"Trichy",25740,Y,24/07/2018,Truck,16,TN
1000D,"Balurghat",28464,Y,24/07/2018,Truck,16,WB
4000D,"Eluru",16772,Y,24/07/2018,Truck,16,AP
4000D,"Jaora",52200,Y,24/07/2018,Truck,16,MP
4000D,"Drug",45000,Y,24/07/2018,Truck,16,CG
1000D,"Kaliaganj",26736,Y,24/07/2018,Truck,16,WB
4000D,"Gondia",42000,Y,24/07/2018,Truck,16,MH
4000D,"Vasai",47500,Y,24/07/2018,Truck,16,MH
4000D,"Rayadurg",16335,Y,24/07/2018,Truck,10,AP
4000D,"Coimbatore",31200,Y,24/07/2018,Truck,16,TN
4000D,"Osmanbad",41580,Y,24/07/2018,Truck,21,MH
4000D,"Ongole",11181,Y,24/07/2018,Truck,16,AP
4000D,"Mysore",25000,Y,24/07/2018,Truck,16,KA
4000D,"Bilashpur",39619,Y,24/07/2018,Truck,16,CG
4000D,"Lakhandur",37000,Y,24/07/2018,Truck,16,MH
4000D,"Jalgaon",44000,Y,24/07/2018,Truck,16,MH
4000D,"Latur",46060,Y,24/07/2018,Truck,16,MH
4000D,"Jabalpur",56000,Y,24/07/2018,Truck,21,MP
4000D,"Madanapalli",22176,Y,24/07/2018,Truck,16,AP
4000D,"Dhanbad",74970,Y,24/07/2018,Truck,16,JH
4000D,"Mumbai",47520,Y,24/07/2018,Truck,16,MH
4000D,"Vasi",45000,Y,24/07/2018,Truck,16,MH
4000D,"Nanded",34000,Y,24/07/2018,Truck,16,MH
4000D,"Kolhapur",36750,Y,24/07/2018,Truck,16,MH
4000D,"Yadgir",23000,Y,24/07/2018,Truck,16,KA
4000D,"Nizamabad",27000,Y,24/07/2018,Truck,16,TG
1000D,"Siliguri",36000,Y,24/07/2018,Truck,16,WB
4000D,"Boudh",60760,Y,24/07/2018,Truck,21,OR
4000D,"Sohela",60390,Y,24/07/2018,Truck,21,OR
4000D,"NEEMACH",54990,Y,24/07/2018,Truck,16,MP
1000D,"Dalkhola",31200,Y,24/07/2018,Truck,16,WB
4000D,"Jamshedpur",62230,Y,24/07/2018,Truck,16,JH
4000D,"Hubli",29200,Y,24/07/2018,Truck,16,KA
4000D,"Ranchi",74250,Y,24/07/2018,Truck,16,JH
4000D,"Ghaziabad",79380,Y,24/07/2018,Truck,16,UPW
4000D,"Belguam",32900,Y,24/07/2018,Truck,16,KA
4000D,"Sangamner",38710,Y,24/07/2018,Truck,16,MH
4000D,"Sangli",35500,Y,24/07/2018,Truck,16,MH
4000D,"Erode",26910,Y,24/07/2018,Truck,16,TN
4000D,"Mettupally",19200,Y,24/07/2018,Truck,10,TG
4000D,"Haridwar",93000,Y,24/07/2018,Truck,21,UK
4000D,"Indore",54000,Y,24/07/2018,Truck,21,MP
4000D,"Gadhinglaj",36450,Y,24/07/2018,Truck,16,MH
4000D,"Rajpur",70000,Y,24/07/2018,Truck,16,WB
4000D,"Pandharpur",34300,Y,24/07/2018,Truck,16,MH
4000D,"Goa",39900,Y,24/07/2018,Truck,16,GA
4000D,"Panvel",43120,Y,24/07/2018,Truck,16,MH
4000D,"Masjid",51450,Y,24/07/2018,Truck,16,MH
4000D,"Satara",48015,Y,24/07/2018,Truck,21,MH
4000D,"Rajam",25245,Y,24/07/2018,Truck,10,AP
1000D,"Alipurduar",38800,Y,24/07/2018,Truck,16,WB
4000D,"Gwalior",79000,Y,24/07/2018,Truck,21,MP
4000D,"BALAGHAT",50000,Y,24/07/2018,Truck,21,MP
4000D,"Birmaharajpur",39223,Y,24/07/2018,Truck,16,OR
1000D,"Cooch Bihar",39664,Y,24/07/2018,Truck,16,WB
4000D,"Siliguri",113000,Y,24/07/2018,Truck,21,WB
4000D,"BEED",34400,Y,24/07/2018,Truck,16,MH
4000D,"Amadavalasa",33000,Y,24/07/2018,Truck,16,AP
4000D,"Salem",26100,Y,24/07/2018,Truck,16,TN
1000D,"Falakata",43200,Y,24/07/2018,Truck,16,WB
4000D,"Karnal",90000,Y,24/07/2018,Truck,21,HR
4000D,"Nasik",41000,Y,24/07/2018,Truck,16,MH
4000D,"Gulbarga",24000,Y,24/07/2018,Truck,16,KA
4000D,"Lasalgaon",43600,Y,24/07/2018,Truck,16,MH
4000D,"Haldia",83500,Y,24/07/2018,Truck,21,WB
4000D,"Bellary",21000,Y,24/07/2018,Truck,16,KA
4000D,"Dharwad",30195,Y,24/07/2018,Truck,16,KA
4000D,"Kanpur",85000,Y,24/07/2018,Truck,21,UPE
4000D,"Anantapur",15000,Y,24/07/2018,Truck,10,AP
4000D,"Tadepalligudum",18165,Y,24/07/2018,Truck,16,AP
4000D,"Guntakal",16847,Y,24/07/2018,Truck,16,AP
4000D,"Thane",49500,Y,24/07/2018,Truck,16,MH
1000D,"Sultanpur",38405.92,Y,23/07/2018,Truck,16,UPE
1000D,"Birmaharajpur",29008,Y,23/07/2018,Truck,16,OR
1000D,"Kantabangi",33760,Y,23/07/2018,Truck,16,OR
1000D,"Araria",35360,Y,23/07/2018,Truck,16,BR
1000D,"Lucknow",37120,Y,23/07/2018,Truck,16,UPE
1000D,"Kanpur",35520,Y,23/07/2018,Truck,16,UPE
1000D,"Giridih",22880,Y,23/07/2018,Truck,16,JH
1000D,"Palwal",45600,Y,23/07/2018,Truck,16,HR
1000D,"Bangalore",51200,Y,23/07/2018,Truck,16,KA
1000D,"Bargarh",26416,Y,23/07/2018,Truck,16,OR
1000D,"Banda",36320,Y,23/07/2018,Truck,16,UPE
1000D,"Berhampur",29200,Y,23/07/2018,Truck,16,OR
1000D,"Cuttack",20080,Y,23/07/2018,Truck,16,OR
1000D,"Bihta",33681,Y,23/07/2018,Truck,16,BR
1000D,"Solapur",50080,Y,23/07/2018,Truck,16,MH
1000D,"ARA",35200,Y,23/07/2018,Truck,16,BR
1000D,"NEEMACH",66860,Y,23/07/2018,Truck,20,MP
1000D,"Haldwani",62000,Y,23/07/2018,Truck,20,UK
1000D,"Bhopal",45200,Y,23/07/2018,Truck,16,MP
1000D,"Sangli",54080,Y,23/07/2018,Truck,16,MH
1000D,"Mirjapur",31360,Y,23/07/2018,Truck,16,UPE
1000D,"Delhi",45600,Y,23/07/2018,Truck,16,DL
1000D,"Panchkula",47200,Y,23/07/2018,Truck,16,HR
1000D,"Mugalsarai",32800,Y,23/07/2018,Truck,16,UPE
1000D,"Siwan",42080,Y,23/07/2018,Truck,16,BR
1000D,"Ahmednagar",50880,Y,23/07/2018,Truck,16,MH
1000D,"Patna",32800,Y,23/07/2018,Truck,16,BR
1000D,"Kurukshetra",45600,Y,23/07/2018,Truck,16,HR
1000D,"Moradabad",44160,Y,23/07/2018,Truck,16,UPW
1000D,"Kolhapur",53280,Y,23/07/2018,Truck,16,MH
1000D,"Jharsugda",24000,Y,23/07/2018,Truck,16,OR
1000D,"Faizabad",38880,Y,23/07/2018,Truck,16,UPE
1000D,"Raigarh",32160,Y,23/07/2018,Truck,16,CG
1000D,"Bikramganj",33600,Y,23/07/2018,Truck,16,BR
1000D,"Bettiah",44480,Y,23/07/2018,Truck,16,BR
1000D,"Siddharth Nagar",43680,Y,23/07/2018,Truck,16,UPE
1000D,"Chandausi",42872,Y,23/07/2018,Truck,16,UPE
1000D,"Patiala",51520,Y,23/07/2018,Truck,16,PB
1000D,"Robertsganj",36480,Y,23/07/2018,Truck,16,UPE
1000D,"Chibramau",43520,Y,23/07/2018,Truck,16,UPE
1000D,"Mohania",35200,Y,23/07/2018,Truck,16,BR
1000D,"Haridwar",48640,Y,23/07/2018,Truck,16,UK
1000D,"Maharajganj",41600,Y,23/07/2018,Truck,16,UPE
1000D,"Jaunpur",33920,Y,23/07/2018,Truck,16,UPE
1000D,"Boudh",29008,Y,23/07/2018,Truck,16,OR
1000D,"Ludhiana",50400,Y,23/07/2018,Truck,16,PB
1000D,"RATLAM",52496,Y,23/07/2018,Truck,16,MP
1000D,"Chandigarh",49440,Y,23/07/2018,Truck,16,HR
1000D,"Fatehabad",47840,Y,23/07/2018,Truck,16,HR
1000D,"Parwanoo",54400,Y,23/07/2018,Truck,16,HP
1000D,"Sonepur",29008,Y,23/07/2018,Truck,16,OR
1000D,"Chakia",38720,Y,23/07/2018,Truck,16,BR
1000D,"Mainpuri",41280,Y,23/07/2018,Truck,16,UPW
1000D,"Muzaffarnagar",47360,Y,23/07/2018,Truck,16,UPW
1000D,"Gajrolla",46576,Y,23/07/2018,Truck,16,UPW
1000D,"Dumka",21200,Y,23/07/2018,Truck,16,JH
1000D,"Hubli",56000,Y,23/07/2018,Truck,16,KA
1000D,"Bikaner",50400,Y,23/07/2018,Truck,16,RJ
1000D,"Basti",41280,Y,23/07/2018,Truck,16,UPE
1000D,"Barabanki",38720,Y,23/07/2018,Truck,16,UPE
1000D,"Jaipur",42000,Y,23/07/2018,Truck,16,RJ
1000D,"Phusro",21600,Y,23/07/2018,Truck,16,JH
1000D,"Akola",36480,Y,23/07/2018,Truck,16,MH
1000D,"Bilashpur",32160,Y,23/07/2018,Truck,16,CG
1000D,"Gopiganj",32160,Y,23/07/2018,Truck,16,UPE
1000D,"Jalandhar",53920,Y,23/07/2018,Truck,16,PB
1000D,"Etawah",42400,Y,23/07/2018,Truck,16,UPW
1000D,"Wardha",36480,Y,23/07/2018,Truck,16,MH
1000D,"Bareilly",39840,Y,23/07/2018,Truck,16,UPW
1000D,"Bhiwadi",50400,Y,23/07/2018,Truck,16,RJ
1000D,"Hajipur",37920,Y,23/07/2018,Truck,16,BR
1000D,"Kaithal",48000,Y,23/07/2018,Truck,16,HR
1000D,"Ranchi",20800,Y,23/07/2018,Truck,16,JH
1000D,"Jind",44000,Y,23/07/2018,Truck,16,HR
1000D,"Rajauli",32320,Y,23/07/2018,Truck,16,BR
1000D,"Ajuaa(Kaushambi)",42872,Y,23/07/2018,Truck,16,UPE
1000D,"Azamgarh",37920,Y,23/07/2018,Truck,16,UPE
1000D,"BUXAR",33600,Y,23/07/2018,Truck,16,BR
1000D,"Lakhandur",34544,Y,23/07/2018,Truck,16,MH
1000D,"Dhanbad",20800,Y,23/07/2018,Truck,16,JH
1000D,"Desari",37120,Y,23/07/2018,Truck,16,BR
1000D,"Khalilabad",37517.24138,Y,23/07/2018,Truck,16,UPE
1000D,"Deoghar",22080,Y,23/07/2018,Truck,16,JH
1000D,"Bhagalpur",30400,Y,23/07/2018,Truck,16,BR
1000D,"Darbhanga",39600,Y,23/07/2018,Truck,16,BR
1000D,"Gonda",29920,Y,23/07/2018,Truck,16,UPE
1000D,"Bharatganj",31360,Y,23/07/2018,Truck,16,UPE
1000D,"Ghaziabad",42080,Y,23/07/2018,Truck,16,UPW
1000D,"Aurangabad (BIHAR)",33760,Y,23/07/2018,Truck,16,BR
1000D,"Bhandara",34544,Y,23/07/2018,Truck,16,MH
1000D,"Kashgunj",44800,Y,23/07/2018,Truck,16,UPW
1000D,"Bharatpur",45200,Y,23/07/2018,Truck,16,RJ
1000D,"Ghosia",32160,Y,23/07/2018,Truck,16,UPE
1000D,"Supaul",38800,Y,23/07/2018,Truck,16,BR
1000D,"Bhiwandi",47680,Y,23/07/2018,Truck,16,MH
1000D,"Bhubaneswar",21168,Y,23/07/2018,Truck,16,OR
1000D,"Mau",38800,Y,23/07/2018,Truck,16,UPE
1000D,"Orai",39680,Y,23/07/2018,Truck,16,UPE
1000D,"Sirsa",47840,Y,23/07/2018,Truck,16,HR
1000D,"Pune",47680,Y,23/07/2018,Truck,16,MH
1000D,"Nayagarh",28224,Y,23/07/2018,Truck,16,OR
1000D,"Sambalpur",23920,Y,23/07/2018,Truck,16,OR
1000D,"Bhiwani",47840,Y,23/07/2018,Truck,16,HR
1000D,"BAHADURGARH",44000,Y,23/07/2018,Truck,16,HR
1000D,"Mumbai",44086,Y,23/07/2018,Truck,16,MH
1000D,"Mansa",53600,Y,23/07/2018,Truck,16,PB
1000D,"Shamli",47040,Y,23/07/2018,Truck,16,UPW
1000D,"Panipat",44000,Y,23/07/2018,Truck,16,HR
1000D,"Deoria",39600,Y,23/07/2018,Truck,16,UPE
1000D,"Rajnandgaon",32880,Y,23/07/2018,Truck,16,CG
1000D,"HAZARIBAG",22720,Y,23/07/2018,Truck,16,JH
1000D,"Bahraich",42000,Y,23/07/2018,Truck,16,UPE
1000D,"Farbeshganj",36240,Y,23/07/2018,Truck,16,BR
1000D,"Rohtak",45600,Y,23/07/2018,Truck,16,HR
1000D,"Bokaro",21200,Y,23/07/2018,Truck,16,JH
1000D,"Jhansi",41120,Y,23/07/2018,Truck,16,UPE
1000D,"Gumla",22080,Y,23/07/2018,Truck,16,JH
1000D,"Meerut",44960,Y,23/07/2018,Truck,16,UPW
1000D,"Raebareli",37920,Y,23/07/2018,Truck,16,UPE
1000D,"Pratapgarh",37920,Y,23/07/2018,Truck,16,UPE
1000D,"Khurdha",27195,Y,23/07/2018,Truck,21,OR
1000D,"Mysore",57600,Y,23/07/2018,Truck,16,KA
1000D,"Munger",31200,Y,23/07/2018,Truck,16,BR
1000D,"Lalitpur",43680,Y,23/07/2018,Truck,16,UPE
1000D,"Abhor",53088,Y,23/07/2018,Truck,16,PB
1000D,"Balarampur",41280,Y,23/07/2018,Truck,16,UPE
1000D,"Jalgaon",44480,Y,23/07/2018,Truck,16,MH
1000D,"Sohela",26000,Y,23/07/2018,Truck,16,OR
1000D,"Dudhi",37120,Y,23/07/2018,Truck,16,UPE
1000D,"Rewari",47200,Y,23/07/2018,Truck,16,HR
1000D,"Karnal",44000,Y,23/07/2018,Truck,16,HR
1000D,"Satara",54080,Y,23/07/2018,Truck,16,MH
1000D,"Nagpur",43680,Y,23/07/2018,Truck,21,MH
1000D,"Bahadurganj",37200,Y,23/07/2018,Truck,16,BR
1000D,"Allahabad",32640,Y,23/07/2018,Truck,16,UPE
1000D,"Farrukhabad",43120,Y,23/07/2018,Truck,16,UPE
1000D,"Drug",31360,Y,23/07/2018,Truck,16,CG
1000D,"Rourkala",23760,Y,23/07/2018,Truck,16,OR
1000D,"CHAS",20704,Y,23/07/2018,Truck,16,JH
1000D,"Shajhanpur",42560,Y,23/07/2018,Truck,16,UPW
1000D,"Amritsar",56000,Y,23/07/2018,Truck,16,PB
1000D,"Sitamarhi",42080,Y,23/07/2018,Truck,16,BR
1000D,"Motihari",41200,Y,23/07/2018,Truck,16,BR
1000D,"Tohana",44000,Y,23/07/2018,Truck,16,HR
1000D,"Ballabgarh",44800,Y,23/07/2018,Truck,16,HR
1000D,"Nawada",32192,Y,23/07/2018,Truck,16,BR
1000D,"Danapur",33600,Y,23/07/2018,Truck,16,BR
1000D,"Puri",25600,Y,23/07/2018,Truck,16,OR
1000D,"Jamner",42784,Y,23/07/2018,Truck,16,MH
1000D,"Samastipur",38800,Y,23/07/2018,Truck,16,BR
1000D,"Aligarh",44160,Y,23/07/2018,Truck,16,UPW
1000D,"Agra",40480,Y,23/07/2018,Truck,16,UPW
1000D,"Aurangabad (MH)",31680,Y,23/07/2018,Truck,16,MH
1000D,"Nasik",44480,Y,23/07/2018,Truck,16,MH
1000D,"Barnala",53120,Y,23/07/2018,Truck,16,PB
1000D,"Baripada",18080,Y,23/07/2018,Truck,16,OR
1000D,"Katihar",34640,Y,23/07/2018,Truck,16,BR
1000D,"Lakhimpur",42080,Y,23/07/2018,Truck,16,UPE
1000D,"Ramgarh",22720,Y,23/07/2018,Truck,16,JH
1000D,"Muzaffarpur",35200,Y,23/07/2018,Truck,16,BR
1000D,"Varanasi",32960,Y,23/07/2018,Truck,16,UPE
1000D,"Sitapur",41440,Y,23/07/2018,Truck,16,UPE
1000D,"Mahanar",32640,Y,23/07/2018,Truck,16,BR
1000D,"Gondia",38000,Y,23/07/2018,Truck,16,MH
1000D,"Jabalpur",51975,Y,23/07/2018,Truck,21,MP
1000D,"Dehradun",63000,Y,23/07/2018,Truck,20,UK
1000D,"Jodhpur",50400,Y,23/07/2018,Truck,16,RJ
1000D,"Ambala",44000,Y,23/07/2018,Truck,16,HR
1000D,"Brajarajnagar",23840,Y,23/07/2018,Truck,16,OR
1000D,"Amravati",36480,Y,23/07/2018,Truck,16,MH
1000D,"Hissar",49440,Y,23/07/2018,Truck,16,HR
1000D,"Nanded",48000,Y,19/07/2018,Truck,16,MH
1000D,"KINWAT",48000,Y,19/07/2018,Truck,16,MH
9110,"Sainthia",4725,Y,19/07/2018,Truck,4.5,WB
1000D,"Aurangabad",33760,Y,17/07/2018,Truck,16,BR
1000D,"Palghar",71000,Y,16/07/2018,Truck,20,MH
1000D,"Malegaon",61000,Y,16/07/2018,Truck,20,MH
1000D,"Karad",57600,Y,16/07/2018,Truck,16,MH
1000D,"CHHINDWARA",46000,Y,16/07/2018,Truck,16,MP
1000D,"Virar",70000,Y,16/07/2018,Truck,20,MH
1000D,"Lasalgaon",61000,Y,16/07/2018,Truck,20,MH
1000D,"Parbhani",51200,Y,16/07/2018,Truck,16,MH
1000D,"Ramnagar",48000,Y,16/07/2018,Truck,16,UK
4000D,"Sonepur",41968,Y,16/07/2018,Truck,16,OR
4000D,"Aurangabad",40280,Y,15/07/2018,Truck,16,MH
9110,"Aurangabad",10154,Y,11/07/2018,Truck,9,WB
9110,"Kamarkundu",4725,Y,11/07/2018,Truck,4.5,WB
9110,"Murshidabad",5232,Y,11/07/2018,Truck,4.5,WB
9110,"24 Pgs (South)",3600,Y,11/07/2018,Truck,4.5,WB
9116,"Aizawl",37344,Y,10/07/2018,Truck,20,MZ
1000D,"Chapra",40550.4,Y,09/07/2018,Truck,16,BR
4000D,"North Delhi",75280,Y,09/07/2018,Truck,16,DL
4000D,"Raiganj",57000,Y,09/07/2018,Truck,16,WB
4000D,"Jind",85680,Y,09/07/2018,Truck,16,HR
4000D,"Chitaradurga",31632,Y,09/07/2018,Truck,16,KA
1000D,"Thane",48000,Y,09/07/2018,Truck,16,MH
4000D,"Ludhiana",83008,Y,09/07/2018,Truck,16,PB
4000D,"West Delhi",75280,Y,09/07/2018,Truck,16,DL
4000D,"Sullurupeta",31424,Y,09/07/2018,Truck,16,AP
4000D,"Palakkad",34100,Y,09/07/2018,Truck,16,KL
4000D,"Keranitola",62000,Y,09/07/2018,Truck,16,WB
1000D,"Malerkotla",56800,Y,09/07/2018,Truck,16,PB
4000D,"Dhavanigare",30608,Y,09/07/2018,Truck,16,KA
1000D,"Ganjam",21120,Y,09/07/2018,Truck,16,OR
4000D,"Bhawana",75280,Y,09/07/2018,Truck,16,DL
1000D,"Narayankgaon",46400,Y,09/07/2018,Truck,16,MH
4000D,"Jaipur",70384,Y,09/07/2018,Truck,16,RJ
4000D,"Patna",74464,Y,09/07/2018,Truck,16,BR
4000D,"Raigarh",36000,Y,09/07/2018,Truck,16,CG
4000D,"Puri",41824,Y,09/07/2018,Truck,16,OR
4000D,"Jalandhar",95888,Y,09/07/2018,Truck,16,PB
1000D,"Jalna",40000,Y,09/07/2018,Truck,16,MH
4000D,"Varanasi",77840,Y,09/07/2018,Truck,16,UPE
4000D,"Brajarajnagar",42752,Y,09/07/2018,Truck,16,OR
4000D,"East Delhi",75280,Y,09/07/2018,Truck,16,DL
1000D,"Jamshedpur",17280,Y,09/07/2018,Truck,16,JH
4000D,"Royapuram",30240,Y,09/07/2018,Truck,16,TN
1000D,"Bojpur",30400,Y,09/07/2018,Truck,16,BR
4000D,"Mandya",35808,Y,09/07/2018,Truck,16,KA
1000D,"Uttam Nagar",46400,Y,09/07/2018,Truck,16,DL
4000D,"Amritsar",95888,Y,09/07/2018,Truck,16,PB
4000D,"Hissar",85680,Y,09/07/2018,Truck,16,HR
4000D,"Bargarh",44800,Y,09/07/2018,Truck,16,OR
4000D,"Ganjam",34512,Y,09/07/2018,Truck,16,OR
4000D,"Hospet",26832,Y,09/07/2018,Truck,16,KA
1000D,"Ghoti",40000,Y,09/07/2018,Truck,16,MH
4000D,"Kovur",26112,Y,09/07/2018,Truck,16,AP
4000D,"Srikalahasti",31424,Y,09/07/2018,Truck,16,AP
4000D,"Panipat",80592,Y,09/07/2018,Truck,16,HR
1000D,"Gulaothi",40000,Y,09/07/2018,Truck,16,UPW
4000D,"Kaithal",82624,Y,09/07/2018,Truck,16,HR
1000D,"Elahibagh",32000,Y,09/07/2018,Truck,16,BR
4000D,"Jajpur",42848,Y,09/07/2018,Truck,16,OR
1000D,"Amroha",38400,Y,09/07/2018,Truck,16,UPW
1000D,"Gulbarga",67478,Y,09/07/2018,Truck,16,KA
4000D,"Patiala",95888,Y,09/07/2018,Truck,16,PB
1000D,"Solpur",54400,Y,09/07/2018,Truck,16,MH
4000D,"South Delhi",75280,Y,09/07/2018,Truck,16,DL
4000D,"Arsikere",32976,Y,09/07/2018,Truck,16,KA
1000D,"Ballarshah",38400,Y,09/07/2018,Truck,16,MH
4000D,"Rajnandgaon",37648,Y,09/07/2018,Truck,16,CG
4000D,"Rangareddy",25600,Y,09/07/2018,Truck,16,TG
4000D,"Ambala",80592,Y,09/07/2018,Truck,16,HR
4000D,"Purba Mednipur",59429,Y,09/07/2018,Truck,16,WB
4000D,"Uttam Nagar",75280,Y,09/07/2018,Truck,16,DL
1000D,"Baheri",41600,Y,09/07/2018,Truck,16,UPW
4000D,"Bhatkal",19472,Y,09/07/2018,Truck,16,KA
1000D,"Bhawana",46400,Y,09/07/2018,Truck,16,DL
4000D,"Sambalpur",45904,Y,09/07/2018,Truck,16,OR
1000D,"Chandrapur",28000,Y,09/07/2018,Truck,16,MH
4000D,"Delhi",75280,Y,09/07/2018,Truck,16,DL
4000D,"Bhadrak",45904,Y,09/07/2018,Truck,16,OR
1000D,"Dahivali",42400,Y,09/07/2018,Truck,16,MH
4000D,"Chandigarh",85680,Y,09/07/2018,Truck,16,HR
4000D,"Raipur",37648,Y,09/07/2018,Truck,16,CG
1000D,"Bardan Galli",38400,Y,09/07/2018,Truck,16,MH
4000D,"New Delhi",75280,Y,09/07/2018,Truck,16,DL
4000D,"Baripada",69776,Y,09/07/2018,Truck,16,OR
4000D,"Bhatinda",95888,Y,09/07/2018,Truck,16,PB
1000D,"Raxaul",35200,Y,09/07/2018,Truck,16,BR
4000D,"Naharlagun",24192,Y,09/07/2018,Truck,16,AR
1000D,"New Delhi",46400,Y,09/07/2018,Truck,16,DL
4000D,"Tirunelveli",29904,Y,09/07/2018,Truck,16,TN
1000D,"Noida",50400,Y,09/07/2018,Truck,16,UPW
4000D,"Khammam",20500,Y,07/07/2018,Truck,16,TG
4000D,"Jharsugda",63248,Y,05/07/2018,Truck,16,OR
4000D,"Rourkala",65280,Y,03/07/2018,Truck,16,OR
4000D,"Balangir",39792,Y,03/07/2018,Truck,16,OR
1000D,"Narayanpur",30000,Y,03/07/2018,Truck,20,JH
1000D,"Balangir",25600,Y,03/07/2018,Truck,16,OR
4000D,"Kavali",26112,Y,02/07/2018,Truck,16,AP
1000D,"Chowk",38400,Y,02/07/2018,Truck,16,UPE
4000D,"Katta",38608,Y,02/07/2018,Truck,16,MH
1000D,"Jajpur",18400,Y,02/07/2018,Truck,16,OR
1000D,"Manauri",44800,Y,02/07/2018,Truck,16,UPE
4000D,"Dahivali",42464,Y,02/07/2018,Truck,16,MH
1000D,"Bhadrak",17600,Y,02/07/2018,Truck,16,OR
4000D,"Niphad",32960,Y,02/07/2018,Truck,16,MH
4000D,"Alibaug",44880,Y,02/07/2018,Truck,16,MH
4000D,"Gollapudi",16224,Y,02/07/2018,Truck,16,AP
4000D,"Dahanu",42464,Y,02/07/2018,Truck,16,MH
4000D,"Medak",20864,Y,02/07/2018,Truck,16,TG
4000D,"Rajampet",19200,Y,02/07/2018,Truck,16,AP
4000D,"Laxmeshwar",34032,Y,02/07/2018,Truck,16,KA
1000D,"Phul",53600,Y,02/07/2018,Truck,16,PB
4000D,"Siruguppa",23472,Y,02/07/2018,Truck,16,KA
1000D,"Darshanpurwa",36800,Y,02/07/2018,Truck,16,UPE
4000D,"Bardan Galli",32448,Y,02/07/2018,Truck,16,MH
1000D,"Benipur",32800,Y,02/07/2018,Truck,16,BR
1000D,"Banmankhi",34560,Y,02/07/2018,Truck,16,BR
4000D,"Ratnagiri",46064,Y,02/07/2018,Truck,16,MH
4000D,"Banda",32448,Y,02/07/2018,Truck,16,UPE
4000D,"Shadnagar",20800,Y,02/07/2018,Truck,16,TG
4000D,"Bhandup",37856,Y,02/07/2018,Truck,16,MH
4000D,"Krishna",26112,Y,02/07/2018,Truck,16,AP
4000D,"Nuzvid",25600,Y,02/07/2018,Truck,16,AP
4000D,"Chirala",11680,Y,02/07/2018,Truck,16,AP
4000D,"Tirumala",12576,Y,02/07/2018,Truck,16,AP
4000D,"Vengurla",44224,Y,02/07/2018,Truck,16,MH
1000D,"Chandpur",46240,Y,02/07/2018,Truck,16,UPW
4000D,"Pulivendula",20800,Y,02/07/2018,Truck,16,AP
1000D,"Moga",56800,Y,02/07/2018,Truck,16,PB
1000D,"Pilibhit",38400,Y,02/07/2018,Truck,16,UPW
4000D,"YERRAGONDAPALEM",24000,Y,02/07/2018,Truck,16,AP
4000D,"Andhra Pradesh",16848,Y,02/07/2018,Truck,16,AP
4000D,"Dhule",36720,Y,02/07/2018,Truck,16,MH
4000D,"Taluka",35200,Y,02/07/2018,Truck,16,MH
4000D,"Tembhurni",32544,Y,02/07/2018,Truck,16,MH
4000D,"Ghatkopar",35712,Y,02/07/2018,Truck,16,MH
4000D,"Ramnagar",48960,Y,02/07/2018,Truck,16,MH
4000D,"Tumsar",32544,Y,02/07/2018,Truck,16,MH
4000D,"Bhandara",32448,Y,02/07/2018,Truck,16,MH
1000D,"Barhalganj",32000,Y,02/07/2018,Truck,16,UPE
4000D,"Raigad",39200,Y,02/07/2018,Truck,16,MH
1000D,"PALI ROAD",32000,Y,02/07/2018,Truck,16,BR
1000D,"Madhupura",34496,Y,02/07/2018,Truck,16,BR
4000D,"Newasa",32960,Y,02/07/2018,Truck,16,MH
1000D,"Dalsingsarai",30400,Y,02/07/2018,Truck,16,BR
4000D,"Narsaraopet",12989,Y,02/07/2018,Truck,16,AP
4000D,"Islampur",32000,Y,02/07/2018,Truck,16,WB
4000D,"Ambojoigai",34128,Y,02/07/2018,Truck,16,MH
4000D,"Narayankgaon",34592,Y,02/07/2018,Truck,16,MH
4000D,"Wardha",31632,Y,02/07/2018,Truck,16,MH
4000D,"Khalapur",33632,Y,02/07/2018,Truck,16,MH
4000D,"Malad",43152,Y,02/07/2018,Truck,16,MH
1000D,"Amethi",38400,Y,02/07/2018,Truck,16,UPE
4000D,"Mahabubnagar",20400,Y,02/07/2018,Truck,16,TG
1000D,"Rajpura",53600,Y,02/07/2018,Truck,16,PB
4000D,"Gudivada",16224,Y,02/07/2018,Truck,16,AP
1000D,"Sonebhadra",42336,Y,02/07/2018,Truck,16,UPE
1000D,"Pehowa",50400,Y,02/07/2018,Truck,16,HR
4000D,"Jamner",30272,Y,02/07/2018,Truck,16,MH
1000D,"Gangtok",41600,Y,02/07/2018,Truck,16,SK
4000D,"Mangalagiri",27072,Y,02/07/2018,Truck,16,AP
4000D,"Kadapa",20352,Y,02/07/2018,Truck,16,AP
4000D,"Haveri",26832,Y,02/07/2018,Truck,16,KA
4000D,"Sangmeshwar",43152,Y,02/07/2018,Truck,16,MH
4000D,"Nandyal",26400,Y,02/07/2018,Truck,16,AP
4000D,"Kandukuru",17312,Y,02/07/2018,Truck,16,AP
1000D,"Birbhum",9998,Y,01/07/2018,Truck,7.5,WB
1000D,"West Delhi",47200,Y,01/07/2018,Truck,16,DL
1000D,"Darjeeling",35200,Y,01/07/2018,Truck,16,WB
1000D,"Sahjanwa",41600,Y,01/07/2018,Truck,16,UPE
9108,"Aizawl",59000,Y,01/07/2018,Truck,20,MZ
9417,"West Delhi",1608,Y,01/07/2018,Truck,2.8,DL
1000D,"Sarai",50960,Y,01/07/2018,Truck,16,BR
9108,"Bongaigaon",2865,Y,01/07/2018,Truck,2.8,AS
9108,"Guwahati",1482,Y,01/07/2018,Truck,2.8,AS
1000D,"Gagnapur",10103,Y,01/07/2018,Truck,7.5,WB
1000D,"Saraiaqauil Kaushambi",41600,Y,01/07/2018,Truck,16,UPE
1000D,"Haringhata",10103,Y,01/07/2018,Truck,7.5,WB
9409,"Karnal",2100,Y,01/07/2018,Truck,4.5,HR
1000D,"South Delhi",47200,Y,01/07/2018,Truck,16,DL
9417,"East Delhi",1608,Y,01/07/2018,Truck,2.8,DL
9405,"Amroha",3500,Y,01/07/2018,Truck,2.8,UPW
1000D,"Gobardanga",8610,Y,01/07/2018,Truck,7.5,WB
1000D,"East Delhi",47200,Y,01/07/2018,Truck,16,DL
9110,"Kolkata",2260,Y,01/07/2018,Truck,4.5,WB
9417KA,"Delhi",1608,Y,01/07/2018,Truck,2.8,DL
9417,"Delhi",1608,Y,01/07/2018,Truck,2.8,DL
4000D,"Shahbad",26000,Y,01/07/2018,Truck,16,KA
9113,"Kandi",4604,Y,01/07/2018,Truck,2.8,WB
9405,"Noida",1284,Y,01/07/2018,Truck,2.8,UPW
1000D,"Uttar Dinajpur",32800,Y,01/07/2018,Truck,16,WB
1000D,"GULLABAGH",32800,Y,01/07/2018,Truck,16,BR
1000D,"Purnea",32800,Y,01/07/2018,Truck,16,BR
9417,"New Delhi",1608,Y,01/07/2018,Truck,2.8,DL
1000D,"Saharanpur",50400,Y,01/07/2018,Truck,16,UPW
9417,"South Delhi",1608,Y,01/07/2018,Truck,2.8,DL
9108,"Barpeta",3900,Y,01/07/2018,Truck,2.8,AS
4000D,"Tirupathi",13056,Y,01/07/2018,Truck,16,AP
1000D,"Karwi",37968,Y,01/07/2018,Truck,16,UPE
1000D,"Baliya",39200,Y,01/07/2018,Truck,16,UPE
9409KA,"Karnal",2100,Y,01/07/2018,Truck,4.5,HR
1000D,"North Delhi",47200,Y,01/07/2018,Truck,16,DL
9417,"North Delhi",1608,Y,01/07/2018,Truck,2.8,DL
9113,"Bishnupur",3027,Y,01/07/2018,Truck,2.8,WB
1000D,"Baharampur",18500,Y,12/06/2018,,,
9302,"Alibaug",14464,Y,05/06/2018,,,
9302KP,"Alibaug",14464,Y,05/06/2018,,,
5000D,"Pratapgarh",80871,Y,23/05/2018,,,
5000D,"Saiyadraja",102644,Y,23/05/2018,,,
5000D,"Fatehabad",50631,Y,23/05/2018,,,
5000D,"Sitapur",66598,Y,23/05/2018,,,
5000D,"Shringartali",77588,Y,23/05/2018,,,
5000D,"Agra",51840,Y,23/05/2018,,,
5000D,"Handia",76724,Y,23/05/2018,,,
5000D,"Jind",47555,Y,23/05/2018,,,
5000D,"Aurangabad",49456,Y,23/05/2018,,,
5000D,"Yavatmal",60999,Y,23/05/2018,,,
5000D,"Auraiya",65388,Y,23/05/2018,,,
5000D,"Karwi",80871,Y,23/05/2018,,,
5000D,"Drug",79074,Y,23/05/2018,,,
5000D,"HAPUR",58130,Y,23/05/2018,,,
5000D,"Ballabgarh",52065,Y,23/05/2018,,,
5000D,"Ludhiana",54104,Y,23/05/2018,,,
5000D,"Indore",39070,Y,23/05/2018,,,
5000D,"Etah",58407,Y,23/05/2018,,,
5000D,"Barnala",52843,Y,23/05/2018,,,
5000D,"Meerut",57024,Y,23/05/2018,,,
5000D,"Mumbai",47071,Y,23/05/2018,,,
5000D,"South Delhi",54951,Y,23/05/2018,,,
5000D,"Bikaner",36219,Y,23/05/2018,,,
5000D,"Parwanoo",61016,Y,23/05/2018,,,
5000D,"Raipur",75860,Y,23/05/2018,,,
5000D,"Faizabad",70918,Y,23/05/2018,,,
5000D,"Shamli",59928,Y,23/05/2018,,,
5000D,"Satara",59513,Y,23/05/2018,,,
5000D,"Gonda",80525,Y,23/05/2018,,,
5000D,"Akola",52981,Y,23/05/2018,,,
5000D,"Varanasi",76793,Y,23/05/2018,,,
5000D,"Ambala",54087,Y,23/05/2018,,,
5000D,"Jalandhar",54795,Y,23/05/2018,,,
5000D,"Kanpur",59271,Y,23/05/2018,,,
5000D,"Bhiwani",50890,Y,23/05/2018,,,
5000D,"KOSHI",57094,Y,23/05/2018,,,
5000D,"Bahraich",80456,Y,23/05/2018,,,
5000D,"Lalitpur",86401,Y,23/05/2018,,,
5000D,"Hissar",47348,Y,23/05/2018,,,
5000D,"Mirzapur",80318,Y,23/05/2018,,,
5000D,"Barabanki",67047,Y,23/05/2018,,,
5000D,"Mainpuri",57716,Y,23/05/2018,,,
5000D,"Lakhandur",71609,Y,23/05/2018,,,
5000D,"West Delhi",54951,Y,23/05/2018,,,
5000D,"Bhatinda",48661,Y,23/05/2018,,,
5000D,"Orai",68775,Y,23/05/2018,,,
5000D,"Pune",53327,Y,23/05/2018,,,
5000D,"RATLAM",45792,Y,23/05/2018,,,
5000D,"Deoria",90548,Y,23/05/2018,,,
5000D,"Rewari",49508,Y,23/05/2018,,,
5000D,"Sangli",70849,Y,23/05/2018,,,
5000D,"Ghaziabad",55642,Y,23/05/2018,,,
5000D,"Sultanpur",85917,Y,23/05/2018,,,
5000D,"Solapur",67531,Y,23/05/2018,,,
5000D,"Aligarh",57439,Y,23/05/2018,,,
5000D,"Haridwar",60861,Y,23/05/2018,,,
5000D,"Jodhpur",30793,Y,23/05/2018,,,
5000D,"Bangalore",87990,Y,23/05/2018,,,
5000D,"Gopiganj",85571,Y,23/05/2018,,,
5000D,"Azamgarh",86055,Y,23/05/2018,,,
5000D,"Khalilabad",81908,Y,23/05/2018,,,
5000D,"Gondia",70866,Y,23/05/2018,,,
5000D,"Panchkula",55296,Y,23/05/2018,,,
5000D,"Ballia",84327,Y,23/05/2018,,,
5000D,"Maharajganj",84327,Y,23/05/2018,,,
5000D,"Jabalpur",60100,Y,23/05/2018,,,
5000D,"Bhandara",71609,Y,23/05/2018,,,
5000D,"Basti",76033,Y,23/05/2018,,,
5000D,"Mugalsarai",99188,Y,23/05/2018,,,
5000D,"Mysore",94557,Y,23/05/2018,,,
5000D,"Saharanpur",58407,Y,23/05/2018,,,
5000D,"Chandigarh",57888,Y,23/05/2018,,,
5000D,"Patiala",54432,Y,23/05/2018,,,
5000D,"Rajnandgaon",78659,Y,23/05/2018,,,
5000D,"Farrukhabad",68429,Y,23/05/2018,,,
5000D,"Sirsa",52013,Y,23/05/2018,,,
5000D,"Shajhanpur",62278,Y,23/05/2018,,,
5000D,"Abhor",47590,Y,23/05/2018,,,
5000D,"Gorakhpur",80871,Y,23/05/2018,,,
5000D,"Jaunpur",80180,Y,23/05/2018,,,
5000D,"Amravati",55746,Y,23/05/2018,,,
5000D,"Wardha",64524,Y,23/05/2018,,,
5000D,"Amritsar",54795,Y,23/05/2018,,,
5000D,"Karnal",50631,Y,23/05/2018,,,
5000D,"Bilaspur",80802,Y,23/05/2018,,,
5000D,"MATHURA",53983,Y,23/05/2018,,,
5000D,"Balarampur",78452,Y,23/05/2018,,,
5000D,"Lucknow",61863,Y,23/05/2018,,,
5000D,"Hubli",79696,Y,23/05/2018,,,
5000D,"Ghazipur",88820,Y,23/05/2018,,,
5000D,"Bareilly",58925,Y,23/05/2018,,,
5000D,"Mansa",52359,Y,23/05/2018,,,
5000D,"Moradabad",60480,Y,23/05/2018,,,
5000D,"North Delhi",54951,Y,23/05/2018,,,
5000D,"Bhiwandi",44652,Y,23/05/2018,,,
5000D,"Panipat",51737,Y,23/05/2018,,,
5000D,"Raigarh",92829,Y,23/05/2018,,,
5000D,"Etawah",57888,Y,23/05/2018,,,
5000D,"Rohtak",48903,Y,23/05/2018,,,
5000D,"Saraipali",91585,Y,23/05/2018,,,
5000D,"Ghosia",90548,Y,23/05/2018,,,
5000D,"Tohana",52463,Y,23/05/2018,,,
5000D,"Tumsar",70226,Y,23/05/2018,,,
5000D,"Allahabad",71263,Y,23/05/2018,,,
5000D,"Jaipur",39053,Y,23/05/2018,,,
5000D,"Kaithal",50631,Y,23/05/2018,,,
5000D,"Bharatpur",52359,Y,23/05/2018,,,
5000D,"HATHRASH",55175,Y,23/05/2018,,,
5000D,"BAHADURGARH",52428,Y,23/05/2018,,,
5000D,"Kurukshetra",51737,Y,23/05/2018,,,
5000D,"Gulbarga",77139,Y,23/05/2018,,,
5000D,"Dehradun",63418,Y,23/05/2018,,,
5000D,"Banda",82599,Y,23/05/2018,,,
5000D,"Mahoba",72231,Y,23/05/2018,,,
5000D,"Kolhapur",72801,Y,23/05/2018,,,
5000D,"Bhiwadi",48972,Y,23/05/2018,,,
5000D,"Bharatganj",79143,Y,23/05/2018,,,
5000D,"Muzaffarnagar",60135,Y,23/05/2018,,,
5000D,"Nagpur",63453,Y,23/05/2018,,,
5000D,"Jaora",47693,Y,23/05/2018,,,
5000D,"Delhi",54951,Y,23/05/2018,,,
5000D,"Haldwani",70432,Y,09/05/2018,,,
9417KA,"South Delhi",8000,Y,08/05/2018,,,
9417KA,"West Delhi",7680,Y,08/05/2018,,,
9417KA,"East Delhi",8000,Y,08/05/2018,,,
9417KA,"North Delhi",7680,Y,08/05/2018,,,
5000D,"Ramnagar",71568,Y,08/05/2018,,,
1000D,"West Bengal",48000,Y,07/05/2018,,,
5000D,"Chandrapur",68775,Y,26/04/2018,,,
1000D,"KOSHI",49600,Y,13/04/2018,,,
1000D,"Hazaribagh",24000,Y,13/04/2018,,,
1000D,"Saraipali",28768,Y,13/04/2018,,,
1000D,"Madhupur",26400,Y,13/04/2018,,,
1000D,"Birpara",40000,Y,13/04/2018,,,
1000D,"Naugachia",31200,Y,13/04/2018,,,
1000D,"Bolpur",17000,Y,13/04/2018,,,
1000D,"Kesinga",32800,Y,13/04/2018,,,
1000D,"Handia",34640,Y,13/04/2018,,,
1000D,"HATHRASH",48800,Y,13/04/2018,,,
1000D,"Mahoba",40800,Y,13/04/2018,,,
1000D,"Chaibasa",22400,Y,13/04/2018,,,
1000D,"Guwahati",60800,Y,13/04/2018,,,
1000D,"Bihiya",35200,Y,13/04/2018,,,
1000D,"Chanchal",29000,Y,13/04/2018,,,
1000D,"Begusarai",34400,Y,13/04/2018,,,
1000D,"Badkulla",17500,Y,13/04/2018,,,
1000D,"Mirzapur",33897.6,Y,13/04/2018,,,
1000D,"Auraiya",42400,Y,13/04/2018,,,
1000D,"HAPUR",51200,Y,13/04/2018,,,
1000D,"Daltonganj",27200,Y,13/04/2018,,,
1000D,"Kharsia",30416,Y,13/04/2018,,,
1000D,"Barh",32800,Y,13/04/2018,,,
1000D,"Dinhata",41600,Y,13/04/2018,,,
1000D,"Kishanganj",34400,Y,13/04/2018,,,
1000D,"Ahmedpur",17500,Y,13/04/2018,,,
1000D,"Deogarh",25600,Y,13/04/2018,,,
1000D,"Kaushambi",41600,Y,13/04/2018,,,
1000D,"MATHURA",48800,Y,13/04/2018,,,
1000D,"Bilaspur",30400,Y,13/04/2018,,,
1000D,"Chatra",30400,Y,13/04/2018,,,
1000D,"Dhubri",59200,Y,13/04/2018,,,
1000D,"Gaya",32000,Y,13/04/2018,,,
1000D,"Dubrajpur",17000,Y,13/04/2018,,,
1000D,"Tajpur",39837.6,Y,13/04/2018,,,
1000D,"Nabadwip",18000,Y,13/04/2018,,,
1000D,"Jagdishpur",40912,Y,13/04/2018,,,
1000D,"Etah",44128,Y,13/04/2018,,,
1000D,"CHAURI CHAURA",36064,Y,13/04/2018,,,
1000D,"Jaintgarh",23200,Y,13/04/2018,,,
1000D,"Shringartali",68800,Y,13/04/2018,,,
1000D,"Arrah",35200,Y,13/04/2018,,,
1000D,"Aranghata",19000,Y,13/04/2018,,,
1000D,"Khagaria",36800,Y,13/04/2018,,,
1000D,"Raghunathpur",22000,Y,13/04/2018,,,
1000D,"Balasore",16800,Y,13/04/2018,,,
1000D,"Gazipur",36992,Y,13/04/2018,,,
9302,"Kurla",14080,Y,11/04/2018,,,
9302KP,"Kurla",14080,Y,11/04/2018,,,
4000D,"Gobichettipalayam",25600,Y,13/03/2018,,,
4000D,"Silchar",59920,Y,13/03/2018,,,
4000D,"Perambur",30240,Y,13/03/2018,,,
4000D,"Chikballapur",36832,Y,13/03/2018,,,
4000D,"Thoothukudi",29904,Y,13/03/2018,,,
4000D,"Ranebennur",30288,Y,13/03/2018,,,
4000D,"Jagitial",25008,Y,13/03/2018,,,
4000D,"Edappally",40800,Y,13/03/2018,,,
4000D,"Rajendranagar",24000,Y,13/03/2018,,,
4000D,"KARJAT",38608,Y,13/03/2018,,,
4000D,"Madanpalle",25136,Y,13/03/2018,,,
4000D,"Deogarh",41200,Y,13/03/2018,,,
4000D,"Viyaywada",16000,Y,13/03/2018,,,
4000D,"Arkot",18000,Y,13/03/2018,,,
4000D,"Krishnagiri",24512,Y,13/03/2018,,,
4000D,"Alur",27040,Y,13/03/2018,,,
4000D,"Selem",25008,Y,13/03/2018,,,
4000D,"Madur",35808,Y,13/03/2018,,,
4000D,"Udangupi",24000,Y,13/03/2018,,,
4000D,"Tiptur",26736,Y,13/03/2018,,,
4000D,"Nalgonda",17008,Y,13/03/2018,,,
4000D,"Dahisar",42464,Y,13/03/2018,,,
4000D,"Kadiri",19104,Y,13/03/2018,,,
4000D,"UMRED",41984,Y,13/03/2018,,,
4000D,"Repalle",14256,Y,13/03/2018,,,
4000D,"Ambasamudram",14400,Y,13/03/2018,,,
4000D,"Kodambakkam",28912,Y,13/03/2018,,,
4000D,"Jagdalpur",49984,Y,13/03/2018,,,
4000D,"Perundurai",30240,Y,13/03/2018,,,
4000D,"Harihara",32640,Y,13/03/2018,,,
4000D,"Tiruvannamalai",29904,Y,13/03/2018,,,
4000D,"Shimogga",33520,Y,13/03/2018,,,
4000D,"Korutla",19504,Y,13/03/2018,,,
4000D,"Borivali",40304,Y,13/03/2018,,,
4000D,"Santacruz",43152,Y,13/03/2018,,,
4000D,"Nandigama",13232,Y,13/03/2018,,,
4000D,"Joda",63248,Y,13/03/2018,,,
4000D,"Dodbellapur",28400,Y,13/03/2018,,,
4000D,"Guwahati",53440,Y,13/03/2018,,,
4000D,"Mettupalayam",34512,Y,13/03/2018,,,
4000D,"Amanikere",32976,Y,13/03/2018,,,
4000D,"Thiruvarur",29904,Y,13/03/2018,,,
4000D,"Mangalore",35808,Y,13/03/2018,,,
4000D,"Angana",26000,Y,13/03/2018,,,
4000D,"Tumkur",26736,Y,13/03/2018,,,
4000D,"Patancheru",24000,Y,13/03/2018,,,
4000D,"KAMPTEE",34608,Y,13/03/2018,,,
4000D,"Kalyanadurg",17760,Y,13/03/2018,,,
4000D,"Vashi",39008,Y,13/03/2018,,,
4000D,"Singarayakonda",31424,Y,13/03/2018,,,
4000D,"Arcot",18000,Y,13/03/2018,,,
4000D,"Kovilpatti",28912,Y,13/03/2018,,,
4000D,"Kakrola",75280,Y,13/03/2018,,,
4000D,"Pudukkottai",30240,Y,13/03/2018,,,
4000D,"Hassan",32640,Y,13/03/2018,,,
4000D,"Tiruvarur",29008,Y,13/03/2018,,,
4000D,"Taluk",26736,Y,13/03/2018,,,
4000D,"Macherial",20400,Y,13/03/2018,,,
4000D,"Dadar",43056,Y,13/03/2018,,,
4000D,"APEAS",22359,Y,13/03/2018,,,
4000D,"Shringartali",47584,Y,13/03/2018,,,
4000D,"Proddutur",11680,Y,13/03/2018,,,
4000D,"Kesinga",40800,Y,13/03/2018,,,
4000D,"Secunderabad",27520,Y,12/03/2018,,,
4000D,"Dhone",21600,Y,12/03/2018,,,
4000D,"Thrissur",38000,Y,12/03/2018,,,
4000D,"KALWAN",36000,Y,12/03/2018,,,
9108,"Sonitpur",22000,Y,08/03/2018,,,
7000D,"Ahamadnagar",16768,Y,25/01/2018,,,
4000D,"Ahamadnagar",31600,Y,25/01/2018,,,
1000D,"Ahamadnagar",52800,Y,25/01/2018,,,
1000D,"Mairwa",39200,Y,23/01/2018,,,
7000D,"Ichalkaranji",16896,Y,23/01/2018,,,
7000D,"Ramnagar",24448,Y,23/01/2018,,,
1000D,"Bhadohi",41600,Y,23/01/2018,,,
7000D,"Shringartali",24448,Y,23/01/2018,,,
7000D,"Jath",24448,Y,23/01/2018,,,
7000D,"Akluj",22672,Y,23/01/2018,,,
7000D,"Tembhurni",13344,Y,23/01/2018,,,
7000D,"Khalapur",24448,Y,23/01/2018,,,
7000D,"Aurangabad",24000,Y,23/01/2018,,,
7000D,"Vashi",13344,Y,23/01/2018,,,
7000D,"Latur",27120,Y,23/01/2018,,,
7000D,"Barshi",27120,Y,23/01/2018,,,
7000D,"Yavatmal",30848,Y,23/01/2018,,,
7000D,"Nagpur",44448,Y,23/01/2018,,,
7000D,"Dahanu",16896,Y,23/01/2018,,,
7000D,"Niphad",19120,Y,23/01/2018,,,
1000D,"jamui",32000,Y,23/01/2018,,,
7000D,"Ghoti",13568,Y,23/01/2018,,,
7000D,"Raigad",26672,Y,23/01/2018,,,
1000D,"Gur Mandi",51520,Y,23/01/2018,,,
7000D,"Sangmeshwar",24448,Y,23/01/2018,,,
7000D,"Jalna",24448,Y,23/01/2018,,,
7000D,"Goa",37888,Y,23/01/2018,,,
7000D,"Srirampur",26224,Y,23/01/2018,,,
7000D,"Karad",10672,Y,23/01/2018,,,
7000D,"Ambojoigai",24592,Y,23/01/2018,,,
7000D,"Udgir",29792,Y,23/01/2018,,,
7000D,"Lakhandur",48064,Y,23/01/2018,,,
7000D,"Banda",10672,Y,23/01/2018,,,
7000D,"Wadsa",45712,Y,23/01/2018,,,
7000D,"Masjid",10672,Y,23/01/2018,,,
7000D,"Bhiwandi",7296,Y,23/01/2018,,,
7000D,"Nasik",15296,Y,23/01/2018,,,
7000D,"Gadhinglaj",27120,Y,23/01/2018,,,
7000D,"Panvel",6224,Y,23/01/2018,,,
1000D,"Jagdalpur",35200,Y,23/01/2018,,,
7000D,"Islampur",16896,Y,23/01/2018,,,
7000D,"Ratnagiri",24448,Y,23/01/2018,,,
1000D,"Jaithra",42400,Y,23/01/2018,,,
7000D,"Solapur",24448,Y,23/01/2018,,,
7000D,"Kagal",30672,Y,23/01/2018,,,
7000D,"Akola",29280,Y,23/01/2018,,,
7000D,"Thane",6672,Y,23/01/2018,,,
7000D,"Kolhapur",24448,Y,23/01/2018,,,
7000D,"Ausa",24000,Y,23/01/2018,,,
7000D,"Vasi",5792,Y,23/01/2018,,,
7000D,"Malad",10672,Y,23/01/2018,,,
7000D,"Bhandara",40240,Y,23/01/2018,,,
7000D,"Nanded",30064,Y,23/01/2018,,,
7000D,"Dahivali",17552,Y,23/01/2018,,,
7000D,"Osmanbad",25072,Y,23/01/2018,,,
1000D,"Madhepura",34496,Y,23/01/2018,,,
7000D,"Gondia",40240,Y,23/01/2018,,,
7000D,"Rajapur",26672,Y,23/01/2018,,,
1000D,"Joda",26400,Y,23/01/2018,,,
7000D,"Satara",19568,Y,23/01/2018,,,
7000D,"Jamner",24448,Y,23/01/2018,,,
7000D,"Ahmednagar",16768,Y,23/01/2018,,,
7000D,"Taluka",13344,Y,23/01/2018,,,
7000D,"Katta",13344,Y,23/01/2018,,,
7000D,"Amravati",38672,Y,23/01/2018,,,
7000D,"Vasai",13344,Y,23/01/2018,,,
7000D,"Lasalgaon",16768,Y,23/01/2018,,,
7000D,"Bardan Galli",17552,Y,23/01/2018,,,
7000D,"Wardha",45712,Y,23/01/2018,,,
7000D,"Mumbai",10672,Y,23/01/2018,,,
7000D,"Chandrapur",44448,Y,23/01/2018,,,
7000D,"Newasa",19120,Y,23/01/2018,,,
1000D,"Baurani",40000,Y,23/01/2018,,,
7000D,"Ghatkopar",10672,Y,23/01/2018,,,
7000D,"Pune",14592,Y,23/01/2018,,,
1000D,"Kakrola",46400,Y,23/01/2018,,,
7000D,"Sangli",24448,Y,23/01/2018,,,
7000D,"Jalgaon",25376,Y,23/01/2018,,,
7000D,"Sangamner",15984,Y,23/01/2018,,,
1000D,"Kanki",32000,Y,23/01/2018,,,
7000D,"Solpur",24448,Y,23/01/2018,,,
7000D,"Kalyan",7296,Y,23/01/2018,,,
7000D,"Alibaug",13344,Y,23/01/2018,,,
7000D,"Tumsar",23200,Y,23/01/2018,,,
7000D,"Kurla",10672,Y,23/01/2018,,,
7000D,"Ballarshah",47120,Y,23/01/2018,,,
7000D,"Vengurla",10672,Y,23/01/2018,,,
7000D,"Malegaon",19120,Y,23/01/2018,,,
7000D,"Bhandup",10672,Y,23/01/2018,,,
7000D,"Narayankgaon",13344,Y,23/01/2018,,,
7000D,"Dhule",21472,Y,23/01/2018,,,
7000D,"Pandharpur",23568,Y,23/01/2018,,,
7000DE,"Karad",10672,Y,09/01/2018,,,
7000DE,"Solpur",24448,Y,09/01/2018,,,
9110,"Bangaon",21372,Y,09/01/2018,,,
9110,"Domkol",16800,Y,09/01/2018,,,
9110,"Khardah",17486,Y,09/01/2018,,,
7000DE,"Goa",37888,Y,09/01/2018,,,
7000DE,"Lakhandur",48064,Y,09/01/2018,,,
7000DE,"Tumsar",23200,Y,09/01/2018,,,
9110,"Baruipur",14400,Y,09/01/2018,,,
9110,"Falakata",38800,Y,09/01/2018,,,
9110,"Nalhati",17500,Y,09/01/2018,,,
7000DE,"Ambojoigai",24592,Y,09/01/2018,,,
7000DE,"Banda",10672,Y,09/01/2018,,,
7000DE,"Masjid",10672,Y,09/01/2018,,,
7000DE,"Vengurla",10672,Y,09/01/2018,,,
9110,"Bhangore",18300,Y,09/01/2018,,,
9110,"Gobardanga",21372,Y,09/01/2018,,,
9110,"Niyamatpur",17536,Y,09/01/2018,,,
7000DE,"Bhiwandi",7296,Y,09/01/2018,,,
7000DE,"Nasik",15296,Y,09/01/2018,,,
9110,"Chakdaha",17510,Y,09/01/2018,,,
9110,"Islampur",18580,Y,09/01/2018,,,
9110,"Raghunathganj",19130,Y,09/01/2018,,,
7000DE,"Gadhinglaj",27120,Y,09/01/2018,,,
7000DE,"Panvel",6224,Y,09/01/2018,,,
9110,"Contai",13372,Y,09/01/2018,,,
9110,"Jiaganj",18050,Y,09/01/2018,,,
9110,"Raniganj",15300,Y,09/01/2018,,,
7000DE,"Islampur",16896,Y,09/01/2018,,,
7000DE,"Ratnagiri",24448,Y,09/01/2018,,,
9110,"Arambag",16343,Y,09/01/2018,,,
9110,"Daspur",13376,Y,09/01/2018,,,
9110,"Kamarhati",16800,Y,09/01/2018,,,
9110,"Sonamukhi",17216,Y,09/01/2018,,,
7000DE,"Kagal",30672,Y,09/01/2018,,,
7000DE,"Shringartali",24448,Y,09/01/2018,,,
9110,"Balarampur",19670,Y,09/01/2018,,,
9110,"Dinhata",38800,Y,09/01/2018,,,
9110,"Khagra",18304,Y,09/01/2018,,,
9110,"Uluberia",10400,Y,09/01/2018,,,
7000DE,"Kolhapur",24448,Y,09/01/2018,,,
7000DE,"Tembhurni",13344,Y,09/01/2018,,,
9110,"Barasat",13600,Y,09/01/2018,,,
9110,"Duttapuliya",15200,Y,09/01/2018,,,
9110,"Midnapur",13143,Y,09/01/2018,,,
7000DE,"Akola",29280,Y,09/01/2018,,,
7000DE,"Malad",10672,Y,09/01/2018,,,
7000DE,"Vashi",13344,Y,09/01/2018,,,
9110,"Berachampa",21372,Y,09/01/2018,,,
9110,"Gangarampur",28800,Y,09/01/2018,,,
9110,"Nandkumar",13143,Y,09/01/2018,,,
7000DE,"Ausa",24000,Y,09/01/2018,,,
7000DE,"Bhandara",40240,Y,09/01/2018,,,
7000DE,"Nanded",30064,Y,09/01/2018,,,
7000DE,"Yavatmal",30848,Y,09/01/2018,,,
9110,"Borehat",13800,Y,09/01/2018,,,
9110,"Haldia",9943,Y,09/01/2018,,,
9110,"Posta",13600,Y,09/01/2018,,,
7000DE,"Dahivali",17552,Y,09/01/2018,,,
7000DE,"Osmanbad",25072,Y,09/01/2018,,,
9110,"Chandausi",16480,Y,09/01/2018,,,
9110,"Janai Road Station",29600,Y,09/01/2018,,,
9110,"Rajarhat",17486,Y,09/01/2018,,,
7000DE,"Gondia",40240,Y,09/01/2018,,,
7000DE,"Rajapur",26672,Y,09/01/2018,,,
9110,"Alipurduar",38800,Y,09/01/2018,,,
9110,"Dalkhola",29600,Y,09/01/2018,,,
9110,"Kaliaganj",28000,Y,09/01/2018,,,
9110,"Shantipur",17510,Y,09/01/2018,,,
7000DE,"Jamner",24448,Y,09/01/2018,,,
7000DE,"Sangmeshwar",24448,Y,09/01/2018,,,
9110,"Asari",13372,Y,09/01/2018,,,
9110,"Dhubulia",17510,Y,09/01/2018,,,
9110,"Karimpur",24800,Y,09/01/2018,,,
9110,"Tarakeswar",16800,Y,09/01/2018,,,
7000DE,"Katta",13344,Y,09/01/2018,,,
7000DE,"Srirampur",26224,Y,09/01/2018,,,
9110,"Bankura",16430,Y,09/01/2018,,,
9110,"Dubrajpur",16430,Y,09/01/2018,,,
9110,"Majdia",19200,Y,09/01/2018,,,
7000DE,"Ahmednagar",16768,Y,09/01/2018,,,
7000DE,"Lasalgaon",16768,Y,09/01/2018,,,
7000DE,"Udgir",29792,Y,09/01/2018,,,
9110,"Basirhat",15200,Y,09/01/2018,,,
9110,"Gagnapur",16304,Y,09/01/2018,,,
9110,"Nalikul",16800,Y,09/01/2018,,,
7000DE,"Amravati",38672,Y,09/01/2018,,,
7000DE,"Bardan Galli",17552,Y,09/01/2018,,,
7000DE,"Mumbai",10672,Y,09/01/2018,,,
7000DE,"Wadsa",45712,Y,09/01/2018,,,
9110,"Birbhum",16970,Y,09/01/2018,,,
9110,"Guskara",15776,Y,09/01/2018,,,
9110,"Panskura",12686,Y,09/01/2018,,,
7000DE,"Chandrapur",44448,Y,09/01/2018,,,
7000DE,"Newasa",19120,Y,09/01/2018,,,
9110,"Champadanga",16343,Y,09/01/2018,,,
9110,"Jagatdal",17486,Y,09/01/2018,,,
9110,"Raiganj",26400,Y,09/01/2018,,,
7000DE,"Ghatkopar",10672,Y,09/01/2018,,,
7000DE,"Pune",14592,Y,09/01/2018,,,
9110,"24 Pgs (North )",12800,Y,09/01/2018,,,
9110,"Cooch Bihar",38800,Y,09/01/2018,,,
9110,"Kakdwip",21829,Y,09/01/2018,,,
9110,"Rupnarayanpur",18300,Y,09/01/2018,,,
7000DE,"Jalgaon",25376,Y,09/01/2018,,,
7000DE,"Sangamner",15984,Y,09/01/2018,,,
9110,"Aranghata",17510,Y,09/01/2018,,,
9110,"Debra",12686,Y,09/01/2018,,,
9110,"Kanchrapara",18629,Y,09/01/2018,,,
9110,"Strand Road",10304,Y,09/01/2018,,,
7000DE,"Kalyan",7296,Y,09/01/2018,,,
7000DE,"Solapur",24448,Y,09/01/2018,,,
9110,"Balurghat",29600,Y,09/01/2018,,,
9110,"Domjur",16343,Y,09/01/2018,,,
9110,"Kharagpur",12915,Y,09/01/2018,,,
9110,"Uttar Dinajpur",32000,Y,09/01/2018,,,
7000DE,"Kurla",10672,Y,09/01/2018,,,
7000DE,"Thane",6672,Y,09/01/2018,,,
9110,"Barrackpur",15658,Y,09/01/2018,,,
9110,"East Midnapur",12229,Y,09/01/2018,,,
9110,"Nadia",16304,Y,09/01/2018,,,
7000DE,"Alibaug",13344,Y,09/01/2018,,,
7000DE,"Malegaon",19120,Y,09/01/2018,,,
7000DE,"Vasi",5792,Y,09/01/2018,,,
9110,"Berhampur",18304,Y,09/01/2018,,,
9110,"Ghatal",20000,Y,09/01/2018,,,
9110,"Nasaratpur",13600,Y,09/01/2018,,,
7000DE,"Ballarshah",47120,Y,09/01/2018,,,
7000DE,"Bhandup",10672,Y,09/01/2018,,,
7000DE,"Narayankgaon",13344,Y,09/01/2018,,,
9110,"Burnpur",17216,Y,09/01/2018,,,
9110,"Hoogley",16343,Y,09/01/2018,,,
9110,"Purulia",18580,Y,09/01/2018,,,
7000DE,"Dhule",21472,Y,09/01/2018,,,
7000DE,"Pandharpur",23568,Y,09/01/2018,,,
9110,"Charabarh",13800,Y,09/01/2018,,,
9110,"Jhargram",14515,Y,09/01/2018,,,
9110,"Rampurhat",17696,Y,09/01/2018,,,
7000DE,"Ichalkaranji",16896,Y,09/01/2018,,,
7000DE,"Ramnagar",24448,Y,09/01/2018,,,
9110,"Amta",17029,Y,09/01/2018,,,
9110,"Darjeeling",33600,Y,09/01/2018,,,
9110,"Kalna",17800,Y,09/01/2018,,,
9110,"Siliguri",33600,Y,09/01/2018,,,
7000DE,"Jath",24448,Y,09/01/2018,,,
7000DE,"Satara",19568,Y,09/01/2018,,,
9110,"Baidyabati",16343,Y,09/01/2018,,,
9110,"Dhuliyan",18800,Y,09/01/2018,,,
9110,"Keranitola",18304,Y,09/01/2018,,,
9110,"Tufanganj",40800,Y,09/01/2018,,,
7000DE,"Khalapur",24448,Y,09/01/2018,,,
7000DE,"Taluka",13344,Y,09/01/2018,,,
9110,"Barakar",16430,Y,09/01/2018,,,
9110,"Durgapur",15800,Y,09/01/2018,,,
9110,"Metiaburz",16800,Y,09/01/2018,,,
7000DE,"Akluj",22672,Y,09/01/2018,,,
7000DE,"Latur",27120,Y,09/01/2018,,,
7000DE,"Vasai",13344,Y,09/01/2018,,,
9110,"Belda",13600,Y,09/01/2018,,,
9110,"Gaighata",21372,Y,09/01/2018,,,
9110,"Nandakumar",13143,Y,09/01/2018,,,
7000DE,"Aurangabad",24000,Y,09/01/2018,,,
7000DE,"Barshi",27120,Y,09/01/2018,,,
7000DE,"Nagpur",44448,Y,09/01/2018,,,
7000DE,"Wardha",45712,Y,09/01/2018,,,
9110,"Birpara",37600,Y,09/01/2018,,,
9110,"Habra",21372,Y,09/01/2018,,,
9110,"Plassey",17500,Y,09/01/2018,,,
7000DE,"Dahanu",16896,Y,09/01/2018,,,
7000DE,"Niphad",19120,Y,09/01/2018,,,
9110,"Chanchal",26130,Y,09/01/2018,,,
9110,"Jalpaiguri",36000,Y,09/01/2018,,,
9110,"Raipur",26400,Y,09/01/2018,,,
7000DE,"Ghoti",13568,Y,09/01/2018,,,
7000DE,"Raigad",26672,Y,09/01/2018,,,
9110,"Ahmedpur",17376,Y,09/01/2018,,,
9110,"Cotton Street",13600,Y,09/01/2018,,,
9110,"Kaliachak",21600,Y,09/01/2018,,,
9110,"Salar",17300,Y,09/01/2018,,,
7000DE,"Jalna",24448,Y,09/01/2018,,,
7000DE,"Sangli",24448,Y,09/01/2018,,,
9110,"Asansol",17300,Y,09/01/2018,,,
9110,"Dharampur",31200,Y,09/01/2018,,,
9110,"Kanki",32800,Y,09/01/2018,,,
9110,"Tamluk",11772,Y,09/01/2018,,,
9110,"Samudragarh",15200,Y,03/01/2018,,,
9409KA,"BAHADURGARH",12800,Y,22/12/2017,,,
9409KA,"Hissar",12800,Y,22/12/2017,,,
9409KA,"Pehowa",12800,Y,22/12/2017,,,
9409,"Ambala",12800,Y,22/12/2017,,,
9409,"Gur Mandi",12800,Y,22/12/2017,,,
9409,"Panipat",12800,Y,22/12/2017,,,
9409,"Tohana",12800,Y,22/12/2017,,,
9409KA,"Fatehabad",12800,Y,22/12/2017,,,
9409KA,"Kurukshetra",12800,Y,22/12/2017,,,
9409KA,"Sirsa",12800,Y,22/12/2017,,,
9409,"Bhiwandi",12800,Y,22/12/2017,,,
9409,"Kaithal",12800,Y,22/12/2017,,,
9409,"Rohtak",12800,Y,22/12/2017,,,
9409KA,"Ballabgarh",12800,Y,22/12/2017,,,
9409KA,"Jind",12800,Y,22/12/2017,,,
9409KA,"Rewari",12800,Y,22/12/2017,,,
9409,"BAHADURGARH",12800,Y,22/12/2017,,,
9409,"Hissar",12800,Y,22/12/2017,,,
9409,"Pehowa",12800,Y,22/12/2017,,,
9409KA,"Ambala",12800,Y,22/12/2017,,,
9409KA,"Gur Mandi",12800,Y,22/12/2017,,,
9409KA,"Panipat",12800,Y,22/12/2017,,,
9409KA,"Tohana",12800,Y,22/12/2017,,,
9409,"Fatehabad",12800,Y,22/12/2017,,,
9409,"Kurukshetra",12800,Y,22/12/2017,,,
9409,"Sirsa",12800,Y,22/12/2017,,,
9409KA,"Bhiwandi",12800,Y,22/12/2017,,,
9409KA,"Kaithal",12800,Y,22/12/2017,,,
9409KA,"Rohtak",12800,Y,22/12/2017,,,
9409,"Ballabgarh",12800,Y,22/12/2017,,,
9409,"Jind",12800,Y,22/12/2017,,,
9409,"Rewari",12800,Y,22/12/2017,,,
9307,"Aurangabad",11200,Y,16/12/2017,,,
9307,"Jalna",11200,Y,16/12/2017,,,
1000D,"Hardwar",49600,Y,26/10/2017,,,
9307,"Solpur",12800,Y,21/10/2017,,,
9307KP,"Nagpur",9504,Y,18/10/2017,,,
9307,"Nagpur",40000,Y,17/10/2017,,,
7000D,"Virar",12064,Y,13/10/2017,,,
7000D,"Jabalpur",43200,Y,13/10/2017,,,
7000D,"Khandeshwar",22400,Y,13/10/2017,,,
9411,"Moga",12800,Y,11/09/2017,,,
9411,"Amritsar",12800,Y,11/09/2017,,,
9411,"Ludhiana",12800,Y,11/09/2017,,,
9411,"Chandigarh",12800,Y,11/09/2017,,,
9411,"Phul",12800,Y,11/09/2017,,,
9411,"Barnala",12800,Y,11/09/2017,,,
9411,"Mansa",12800,Y,11/09/2017,,,
9411,"Abhor",12800,Y,11/09/2017,,,
9411,"Patiala",12800,Y,11/09/2017,,,
9411,"Rajpura",12800,Y,11/09/2017,,,
9411,"Bhatinda",12800,Y,11/09/2017,,,
9417,"Kakrola",8000,Y,30/08/2017,,,
4000D,"Gurramguda",12800,Y,10/08/2017,,,
4000D,"Palani",28000,Y,10/08/2017,,,
4000D,"Khandeshwar",36000,Y,10/08/2017,,,
4000D,"Neelasandra",35200,Y,10/08/2017,,,
4000D,"GodavariKhani",14495,Y,10/08/2017,,,
4000D,"Muthiyalpet",28000,Y,10/08/2017,,,
4000D,"Ramanagara",24000,Y,10/08/2017,,,
4000D,"Balasore",44000,Y,09/08/2017,,,
4000D,"Bolangir",44000,Y,09/08/2017,,,
9106,"Jamshedpur",12000,Y,07/08/2017,,,
9307,"Solapur",12800,Y,07/08/2017,,,
9113,"Kalna",25344,Y,07/08/2017,,,
9111,"Nawada",9440,Y,07/08/2017,,,
9106,"Phusro",7680,Y,07/08/2017,,,
9105,"Cuttack",4800,Y,07/08/2017,,,
9113,"Purulia",15840,Y,07/08/2017,,,
9103,"Begusarai",23040,Y,07/08/2017,,,
9213,"Madur",6992,Y,07/08/2017,,,
9412,"Mirjapur",8640,Y,07/08/2017,,,
9112,"Bokaro",17600,Y,07/08/2017,,,
9103,"Supaul",35200,Y,07/08/2017,,,
9207,"Dharwad",10240,Y,07/08/2017,,,
9405,"Bareilly",13312,Y,07/08/2017,,,
4000D,"Thirupathi",11500,Y,07/08/2017,,,
9118,"Mairwa",25600,Y,07/08/2017,,,
9207,"Ramanagara",12800,Y,07/08/2017,,,
9110,"Naihatti",8320,Y,07/08/2017,,,
1000D,"Mahagama",20240,Y,07/08/2017,,,
9118,"Sitamarhi",10240,Y,07/08/2017,,,
9205,"Gulburga",1760,Y,07/08/2017,,,
9113,"Asansol",6976,Y,07/08/2017,,,
1000D,"Naihatti",15542.85714,Y,07/08/2017,,,
9112,"Giridih",21120,Y,07/08/2017,,,
9307,"Pune",5120,Y,07/08/2017,,,
9113,"Burdwan",15216,Y,07/08/2017,,,
9111,"BUXAR",13120,Y,07/08/2017,,,
9112,"Ranchi",4080,Y,07/08/2017,,,
9106,"Mahagama",19200,Y,07/08/2017,,,
9105,"Bolangir",26880,Y,07/08/2017,,,
9113,"Khargram",26304,Y,07/08/2017,,,
9103,"Bhagalpur",2560,Y,07/08/2017,,,
9201,"Tiptur",10016,Y,07/08/2017,,,
9412,"Allahabad",15040,Y,07/08/2017,,,
9113,"Salar",12256,Y,07/08/2017,,,
9103,"Purnea",16640,Y,07/08/2017,,,
9207,"Bhatkal",16000,Y,07/08/2017,,,
9405,"Agra",10752,Y,07/08/2017,,,
4000D,"Jagdiyal",26100,Y,07/08/2017,,,
9118,"Chakia",10240,Y,07/08/2017,,,
9207,"Mandya",21760,Y,07/08/2017,,,
9405,"Moradabad",8960,Y,07/08/2017,,,
4000D,"Puducherry",19700,Y,07/08/2017,,,
9118,"Begusarai",17280,Y,07/08/2017,,,
9205,"Bijapur",10480,Y,07/08/2017,,,
9117,"Darjeeling",17920,Y,07/08/2017,,,
1000D,"Barghar",28800,Y,07/08/2017,,,
9112,"HAZARIBAG",21120,Y,07/08/2017,,,
9302,"Thane",8320,Y,07/08/2017,,,
9113,"Barakar",9504,Y,07/08/2017,,,
9111,"Bihta",13440,Y,07/08/2017,,,
9112,"Dhanbad",21760,Y,07/08/2017,,,
9106,"Giridih",7680,Y,07/08/2017,,,
9105,"Bargarh",11520,Y,07/08/2017,,,
9113,"Katwa",22176,Y,07/08/2017,,,
9111,"Rajauli",11360,Y,07/08/2017,,,
9106,"Ranchi",12800,Y,07/08/2017,,,
9105,"Kesinga",33280,Y,07/08/2017,,,
9113,"Raghunathganj",11408,Y,07/08/2017,,,
9103,"Naugachia",8320,Y,07/08/2017,,,
9213,"Mandya",6400,Y,07/08/2017,,,
9408,"Faizabad",25600,Y,07/08/2017,,,
9106,"Bokaro",12000,Y,07/08/2017,,,
9118,"Benipur",17280,Y,07/08/2017,,,
9207,"Gadag",10240,Y,07/08/2017,,,
9405,"Ghaziabad",3840,Y,07/08/2017,,,
4000D,"Zaheerabad",29000,Y,07/08/2017,,,
9118,"Motihari",14080,Y,07/08/2017,,,
9207,"Tiptur",21760,Y,07/08/2017,,,
9117,"Alipurduar",16640,Y,07/08/2017,,,
1000D,"Bolangir",20000,Y,07/08/2017,,,
9118,"Siwan",21120,Y,07/08/2017,,,
9205,"Raichur",11648,Y,07/08/2017,,,
9113,"Balurghat",27456,Y,07/08/2017,,,
1000D,"PHUNTSHILING",42400,Y,07/08/2017,,,
9112,"Madhupur",21120,Y,07/08/2017,,,
9307,"Sangli",7680,Y,07/08/2017,,,
9113,"Durgapur",7296,Y,07/08/2017,,,
9111,"Hajipur",4320,Y,07/08/2017,,,
9106,"HAZARIBAG",12800,Y,07/08/2017,,,
9106,"Dhanbad",3840,Y,07/08/2017,,,
9105,"Bhubaneswar",5888,Y,07/08/2017,,,
9113,"Malda",20496,Y,07/08/2017,,,
9103,"jamui",16640,Y,07/08/2017,,,
9213,"Arsikere",11056,Y,07/08/2017,,,
9412,"Gorakhpur",33920,Y,07/08/2017,,,
9113,"Sonamukhi",9200,Y,07/08/2017,,,
9103,"Purnia",16640,Y,07/08/2017,,,
9207,"Bidar",21760,Y,07/08/2017,,,
9405,"Aligarh",7168,Y,07/08/2017,,,
4000D,"Nizambad",26400,Y,07/08/2017,,,
9118,"Darbhanga",11520,Y,07/08/2017,,,
9207,"Raichur",15360,Y,07/08/2017,,,
9405,"Saharanpur",23040,Y,07/08/2017,,,
1000D,"Sultanganj",35200,Y,07/08/2017,,,
9118,"Samastipur",10240,Y,07/08/2017,,,
9205,"Gulbarga",1760,Y,07/08/2017,,,
9117,"Jalpaiguri",6400,Y,07/08/2017,,,
1000D,"Gantok",41600,Y,07/08/2017,,,
9112,"Jamshedpur",21760,Y,07/08/2017,,,
9307,"Kolhapur",7680,Y,07/08/2017,,,
9113,"Beldanga",9616,Y,07/08/2017,,,
9111,"Bikramganj",13120,Y,07/08/2017,,,
9112,"Phusro",26240,Y,07/08/2017,,,
9106,"Madhupur",10240,Y,07/08/2017,,,
9105,"Balasore",20032,Y,07/08/2017,,,
9105,"Berhampur",20032,Y,07/08/2017,,,
9113,"Khagra",25984,Y,07/08/2017,,,
9111,"Sarai",13440,Y,07/08/2017,,,
9201,"Taluk",11968,Y,07/08/2017,,,
9105,"Rourkala",25600,Y,07/08/2017,,,
9113,"Rampurhat",14896,Y,07/08/2017,,,
9103,"Sultanganj",8320,Y,07/08/2017,,,
9213,"Mangalore",23280,Y,07/08/2017,,,
9408,"Farrukhabad",19200,Y,07/08/2017,,,
9118,"Bettiah",26880,Y,07/08/2017,,,
9207,"Hassan",21760,Y,07/08/2017,,,
9405,"Meerut",9280,Y,07/08/2017,,,
4000D,"Pondichery",19700,Y,07/08/2017,,,
9118,"Muzaffarpur",3840,Y,07/08/2017,,,
9205,"Bidar",10480,Y,07/08/2017,,,
9117,"Cooch Bihar",16640,Y,07/08/2017,,,
1000D,"Sant Kabir Nagar",38400,Y,07/08/2017,,,
9118,"Supaul",20480,Y,07/08/2017,,,
9302,"Panvel",12160,Y,07/08/2017,,,
9113,"Bankura",9824,Y,07/08/2017,,,
9116,"Damcharra",25344,Y,07/08/2017,,,
9112,"Mahagama",48640,Y,07/08/2017,,,
